Year,Candidate,Sex,Age,Party,Vote,Vote_num,Pledge,Vote_p,Vote_num_p,Career,Result,Result_p,Type
2021,浜中のりかた,Male,38,Liberal Democrats,31.57,21160,N/A,N/A,N/A,N/A,1,N/A,都議
2021,桐山ひとみ,Female,49,Tokyo Citizens First,27.72,18580,N/A,38.36,30650,N/A,1,1,都議
2021,石毛しげる,Male,66,Constitutional Democrats,24.99,16751,N/A,25.84,20647,N/A,0,1,都議
2021,いでしげ美津子,Female,57,Japan Communist,15.72,10534,N/A,16.03,12196,N/A,0,0,都議
2017,桐山ひとみ,Female,45,Tokyo Citizens First,38.36,30650,N/A,N/A,N/A,N/A,1,N/A,都議
2017,石毛しげる,Male,62,Non,25.84,20647,N/A,20.88,12781,N/A,1,1,都議
2017,山田忠良,Male,36,Liberal Democrats,20.66,16511,N/A,N/A,N/A,N/A,0,N/A,都議
2017,中村すぐる,Male,30,Japan Communist,15.14,12102,N/A,N/A,N/A,N/A,0,N/A,都議
2013,山田忠昭,Male,65,Liberal Democrats,34.88,21344,N/A,29.09,22133,N/A,1,1,都議
2013,石毛しげる,Male,58,Democrats,20.88,12781,N/A,54.88,41749,N/A,1,1,都議
2013,森てるお,Male,64,Non,19.12,11703,N/A,N/A,N/A,N/A,0,N/A,都議
2013,山崎英昭,Male,41,Japan Restoration,11.09,6790,N/A,N/A,N/A,N/A,0,N/A,都議
2013,朝倉文男,Male,65,Japan Communist,9.54,5841,N/A,N/A,N/A,N/A,0,N/A,都議
2013,山口あずさ,Female,51,Livelihood,4.48,2742,N/A,N/A,N/A,N/A,0,N/A,都議
2009,石毛しげる,Male,54,Democrats,54.88,41749,N/A,32.41,18874,N/A,1,1,都議
2009,山田忠昭,Male,61,Liberal Democrats,29.09,22133,N/A,30.46,17739,N/A,1,1,都議
2009,いでしげ美津子,Female,45,Japan Communist,16.03,12196,N/A,N/A,N/A,N/A,0,N/A,都議
2005,石毛しげる,Male,50,Democrats,32.41,18874,N/A,N/A,N/A,N/A,1,N/A,都議
2005,山田忠昭,Male,57,Liberal Democrats,30.46,17739,N/A,31.83,20963,N/A,1,1,都議
2005,くらの雅章,Male,36,Non,20.61,12000,N/A,N/A,N/A,N/A,0,N/A,都議
2005,藤岡ともあき,Male,59,Japan Communist,15.71,9150,N/A,16.29,10727,N/A,0,0,都議
2005,ふなま憲一,Male,N/A,Non,0.8,465,N/A,N/A,N/A,N/A,0,N/A,都議
2001,山田忠昭,Male,53,Liberal Democrats,31.83,20963,N/A,N/A,N/A,N/A,1,N/A,都議
2001,坂口こうじ,Male,54,Democrats,30.42,20034,N/A,N/A,N/A,N/A,1,N/A,都議
2001,こみね和美,Male,50,Non,21.47,14138,N/A,N/A,N/A,N/A,0,N/A,都議
2001,藤岡ともあき,Male,55,Japan Communist,16.29,10727,N/A,N/A,N/A,N/A,0,N/A,都議
2021,池沢たかし,Male,62,Non,48.76,34299,"{Welfare:[医療従事者支援, PCR検査体制維持, 介護保険料引き下げ], Education:[なし], City:[なし], Other:[電子決済ポイント還元]}",N/A,N/A,西東京市役所（旧保谷市役所）勤務39年。前市長市政にて副市長,1,N/A,市長
2021,平井竜一,Male,54,Non,46.61,32785,"{Welfare:[子育て支援, 高齢者福祉, 障がい者福祉], Education:[文化芸術活動], City:[新図書館建設], Other:[持続可能な街づくり, 災害時の迅速な判断, 財政再建]}",N/A,N/A,2006年逗子市長（3期）,0,N/A,市長
2021,保谷美智夫,Male,63,Non,4.63,3256,"{Welfare:[子育て支援, 高齢者福祉], Education:[入園・入学・進級祝い金], City:[商工業の拠点づくり], Other:[行政サービス拡充]}",N/A,N/A,N/A,0,N/A,市長
2017,丸山浩一,Male,74,Non,62.96,33486,"{Welfare:[地域包括支援システム構築, 障がい者福祉, 待機児童解消], Education:[いじめ・虐待防止], City:[耐震化, 空き家対策, 西武線連続立体化, 駅前広場整備], Other:[シティプロモーション, 商店街活性化, 女性活躍]}",52.9,30291,医学博士,1,1,市長
2017,杉山昭吉,Male,67,Non,37.04,19698,"{Welfare:[がん検診無料化, 健康保険料引き下げ, 子育て支援, 高齢者福祉], Education:[給付型奨学金], City:[公共事業による雇用創出], Other:[市民の政治参加]}",N/A,N/A,前職は電気機器メーカー,0,N/A,市長
2013,森しんいち,Male,54,Non,37.41,20428,N/A,N/A,N/A,N/A,1,N/A,市議補
2013,山口あずさ,Male,53,Non,23.12,12626,N/A,N/A,N/A,N/A,N/A,N/A,市議補
2013,たきしま喜重,Male,47,Non,20.56,11224,N/A,N/A,N/A,N/A,N/A,N/A,市議補
2013,朝倉文男,Male,65,Japan Communist,18.9,10326,N/A,N/A,N/A,N/A,N/A,N/A,市議補
2022,長井秀和,Male,53,Non,5.38,3482,"{Welfare:[農業と福祉, コロナ禍での事業者救済],
 Education:[英語教育], City:[なし], Other:[カルト被害救済, 共同親権]}",N/A,N/A,自身も宗教2世で、宗教被害者のケアに力を入れている。,1,N/A,市議
2022,田村ひろゆき,Male,44,Non,4.33,2800,"{Welfare:[学校給食無償化, 子育てセンター拡充, 
高齢者福祉, 歩きたばこ禁止], Education:[子ども議会], City:[交通空白地域支援, 自転車回遊性向上, ホームドア, 田無駅南口駅前広場整備, 旧施設跡地活用, 下野谷遺跡活用, 災害対策（豪雨）, 再エネ導入, 歩行者安全性向上], Other:[審議会オンライン化, 期日前投票所増設]}",2.48,1497,高校生・大学生の政治家体験プログラムの運営経験がある。,1,1,市議
2022,かとう涼子,Female,52,Nishitokyo-Citizens' Network,4.26,2757,"{Welfare:[ジェンダー平等, 高齢者福祉], Education:[なし],
 City:[なし], Other:[地元愛, 地球温暖化対策, 地域活動支援]}",4.59,2772,法政大学社会学部卒,1,1,市議
2022,納田さおり,Female,52,Non,3.97,2569,"{Welfare:[高齢者福祉, 介護従事者支援], 
Education:[大学生世帯家計支援, 多様な保育, ひとり親家庭支援], City:[田無駅南口魅力創造, 下野谷遺跡に博物館設置, 中央図書館構想, 防災（火災、水害、要支援者）, 東大農場との連携], Other:[未来都市, がん患者就労支援, メンタルケア, ハラスメント防止]}",3.46,2087,危機管理士1級/ 防災士。一期目には、子連れ傍聴を実現させた,1,1,市議
2022,保谷なおみ,Female,60,Liberal Democrats,3.97,2569.868,"{Welfare:[高齢者福祉, 学校給食無償化, く後世までの医療費無償化], Education:[なし], City:[西武線連続立体化, 集合住宅の災害対策, 東伏見公園整備, 文理台公園リニューアル], Other:[引きこもり対策, フリーWi-Fi整備, 行政のオンライン化, 地産地消]}",3.92,2367.32,東京大学文学部卒,1,1,市議
2022,後藤ゆう子,Female,56,Nishitokyo-Citizens' Network,3.92,2533,"{Welfare:[ジェンダー平等, 高齢者福祉], Education:[なし],
 City:[なし], Other:[地元愛, 地球温暖化対策, 地域活動支援]}",4.48,2705,大阪府吹田市出身,1,1,市議
2022,菅原みほ,Female,47,Constitutional Democrats,3.59,2323,"{Welfare:[高齢者福祉, ヤングケアラー支援, 給食費無償化,
 子育て支援, ペットとの共生], Education:[なし], City:[災害時用トイレ増設], Other:[フリーWi-Fi拡充]}",N/A,N/A,動物愛護活動家,1,N/A,市議
2022,山崎英昭,Male,50,Japan Restoration,3.45,2233,"{Welfare:[子育て支援],  Education:[なし], City:
[連続立体交差化事業, 踏切拡幅, 道路環境整備, 文化芸術拠点の建築, 緑の維持], Other:[情報公開, 電子公文書館, 電子市役所, コミュニティ再構築]}",1.29,776,明治大学大学院ガバナンス研究科修了,1,0,市議
2022,鈴木ゆうま,Male,36,Democratic Party for the People,3.15,2039,"{Welfare:[学校給食無償化, 保育料・障がい児童福祉手当の所得制限撤廃, 子育て支援], 
Education:[給付型奨学金, 地域コミュニティ振興, 片親家庭支援, 本と芸術のまち], City:[道路整備, 高齢者の市バス無償化, 乗り合いバス, AIによる独り暮らし高齢者支援, 保谷駅前をファミリー向けに], Other:[行政成果の見える化, ペットとの共生]}",N/A,N/A,全国で事業立ち上げを経験した。,1,N/A,市議
2022,山田忠良,Male,41,Liberal Democrats,3.07,1986,"{Welfare:[スポーツ・文化振興], Education:[なし], City:[なし], Other:[経済立て直し, 行政のデジタル化, 財政]}",2.32,1401,行政書士の資格を持つ,1,1,市議
2022,田代のぶゆき,Male,52,Komeito,3.02,1951,"{Welfare:[妊娠期・子育て支援, 高齢者福祉],
 Education:[不登校・ヤングケアラー支援, 特別支援教育の充実], City:[防災（首都直下地震、集中豪雨）], Other:[なし]}",3.38,2038,東京経済大学経営学部卒,1,1,市議
2022,酒井ごう一郎,Male,44,Liberal Democrats,2.98,1929,"{Welfare:[学校給食無償化, 運転免許更新センター新設],
 Education:[電子図書館, 保育園入園枠拡張], City:[西武新宿線相互乗り入れ, 田無駅高架化, 東伏見公園への各種施設設置], Other:[なし]}",2.57,1554.507,明治大学公共政策大学院で地方自治を学んだ,1,1,市議
2022,大竹あつ子,Female,53,Japan Communist,2.97,1922,"{Welfare:[学校給食無償化, 障害者グループホーム増設, ジェンダー平等, 動物愛護, 学童増設, 補聴器購入補助], Education:[なし],
 City:[なし], Other:[多様性ある町]}",2.79,1684,N/A,1,1,市議
2022,森しんいち,Male,63,Constitutional Democrats,2.96,1914,"{Welfare:[高齢者福祉, 障がい者福祉, 学校給食無償化, 高王政までの医療費無償化], Education:[なし], City:[道路改修, 自転車が安全に走れる車道, 歩車分離式信号機, 制限速度見直し], Other:[なし]}",3.63,2194.481,建設会社を起業、38年間経営した,1,1,市議
2022,佐藤公男,Male,59,Komeito,2.95,1908.59,"{Welfare:[子育て世帯支援, コロナによるフレイル・介護予防, 妊娠期・子育て支援], Education:[文化活動環境整備], City:[なし], Other:[田無三中建て替え時に各種設備設置]}",3.47,2093,N/A,1,1,市議
2022,大林みつあき,Male,52,Komeito,2.87,1858,"{Welfare:[障がい者支援], Education:[子供施設整備], 
City:[道路整備, 踏切高架化, 買い物不便解消, 交通手段整備], Other:[人と動物の共生]}",3.71,2237,N/A,1,1,市議
2022,八矢よしみ,Female,51,Komeito,2.85,1845,"{Welfare:[妊娠期・子育て支援, 高齢者活躍], Education:[いじめ・虐待・ヤングケアラー・不登校相談機能強化], City:[なし], Other:[なし]}",N/A,N/A,N/A,1,N/A,市議
2022,いながき裕二,Male,59,Liberal Democrats,2.83,1830,"{Welfare:[高校生まで医療費負担ゼロ, 給食費無償化, 高齢者タクシー運賃補助, 小中体育館トイレ洋式化, 公共施設LED化], Education:[電子図書館導入]
, City:[東伏見駅鉄道高架化+駅まち開発, 保谷駅前通り活性化, バス路線を南側道路に], Other:[省エネ家電購入助成, eスポーツ推進, 市内消費喚起, 財政健全化]}",2.6,1570,初当選前は自身が設立した会社に勤務していた,1,1,市議
2022,中村すぐる,Male,35,Japan Communist,2.79,1803,"{Welfare:[補聴器購入補助, 老人ホーム増設, 
ジェンダー平等], Education:[学生支援金, 奨学金制度], City:[市バス鶴寿], Other:[働き方支援, 消費税減税, インボイス中止]}",3.2,1931,前職は楽器店員,1,1,市議
2022,坂井かずひこ,Male,59,Liberal Democrats,2.74,1773,"{Welfare:[高齢者福祉, 医療体制充実], 
Education:[未就学児教育の充実, 公園カフェ], City:[西武新宿線・池袋線連続立体化, 芝久保新駅設置], Other:[災害・犯罪対策]}",2.5,1509,IT関連会社を3社設立した経験がある。,1,1,市議
2022,中川清志,Male,50,Liberal Democrats,2.65,1716,"{Welfare:[健康増進, 高齢者福祉, ひとり親・多子
世帯援助, 高校生まで医療費無償化, 出産一時金増額], Education:[生命尊重教育, 学校と地域の連携], City:[災害弱者をつくらない, 運転免許証センター誘致, 西武新宿線・池袋線連続立体化, 田無駅南口駅前広場整備, ひばりが丘周辺の賑わい創出, 東大農場周辺整備, 地下貯水池, 東伏見公園整備], Other:[市役所のデジタル化, ゼロカーボンシティ]}",2.63,1588,獣医師資格を持つ,1,1,市議
2022,藤田みちこ,Female,65,Komeito,2.61,1688,"{Welfare:[妊娠期・子育て支援, 医療介護拠点の充実], Education:[いじめ・虐待・ヤングケアラー・不登校の相談機能強化, 登下校時の安全], City:[なし], Other:[女性の就労支援]}",3.54,2139,脳神経外科、ICUの主任看護師の経験を持つ,1,1,市議
2022,やまき明美,Female,62,Japan Communist,2.41,1558,"{Welfare:[補聴器購入補助, 老人ホーム新設, 障が
い者グループホーム拡充, ケアラー待遇改善], Education:[なし], City:[交通利便性増加], Other:[国民保険料軽減]}",N/A,N/A,保谷清子氏の引退に伴って立候補,1,N/A,市議
2022,下田純一,Male,46,Constitutional Democrats,2.39,1548,"{Welfare:[高齢者福祉], Education:[なし], City:[道路などインフラ整備], Other:[企業・施設誘致]}",N/A,N/A,接骨院を経営していた。,1,N/A,市議
2022,こみね和美,Male,71,Non,2.35,1521,"{Welfare:[新型感染症対策], Education:
[温水洗浄便座・体育館へのエアコンの導入], City:[なし], Other:[なし]}",2.31,1394,学校法人理事長も務める,1,1,市議
2022,とみながゆうじ,Male,54,Liberal Democrats,2.26,1460,"{Welfare:[学校給食無償化, 児童手当の所得制限撤廃, 
高齢者福祉, 幼稚園等入園料支援], Education:[なし], City:[西武新宿線・池袋線の高架化, 田無警察署移転, 免許更新センター新設, 防災（首都直下地震）, 商店街・地元企業支援, 地産地消], Other:[財政健全化, デジタル化]}",2.21,1337,現役税理士,1,1,市議
2022,小林たつや,Male,61,Liberal Democrats,2.14,1383,"{Welfare:[子ども食堂設置, 運転免許証更新施設増設], Education:[なし], 
City:[東大農場周辺歩道整備, ドッグラン建設], Other:[防犯カメラ増設・更新]}",2.68,1619,北原町出身。市議歴28年（7期）,1,1,市議
2022,佐藤大介,Male,42,Constitutional Democrats,2.04,1321.409,"{Welfare:[高齢者福祉], Education:[なし], 
City:[なし], Other:[なし]}",4.59,2772.139,前職は衆議院議員秘書（6年間）,1,1,市議
2022,いがらしまさお,Male,38,Suffragettes,2.03,1310,"{Welfare:[「過剰なコロナ対策」の終了], Education:[なし],
 City:[なし], Other:[市民の声を届ける, 市民の政治参加]}",N/A,N/A,前職は営業職,0,N/A,市議
2022,山口あずさ,Female,60,Non,2.02,1305,"{Welfare:[保健所再設], Education:[なし], City:
[街づくり100年計画の策定], Other:[地産地消, 市議会中継, 移動投票車導入]}",0.94,606,デジタル技術に造詣を持つ,0,0,市議
2022,田中のりあき,Male,63,Liberal Democrats,2,1295,"{Welfare:[学校給食無償化, 高齢者福祉],
 Education:[学校授業の充実], City:[災害対策, 商工農業振興, 緑の保護], Other:[ストリートピアノ, ネーミングライツ, カーボンオフセット]}",3.06,1846,保谷高校出身,0,1,市議
2022,はねいし里美,Female,55,Japan Communist,1.89,1223,"{Welfare:[学校給食無償化, 老人ホーム建設, 障がい者支援], Education:[なし], City:[市バス運行改善], Other:[消費税減税, インボイス中止]}",N/A,N/A,N/A,0,N/A,市議
2022,たんじひこ太,Male,60,Non,1.63,1051,"{Welfare:[待機児童数ゼロ], Education:[なし], 
City:[なし], Other:[市政の情報公開, 相談窓口設置, 市民の政治参加]}",1.05,631,政策担当秘書の資格を持つ,0,0,市議
2022,しまぞうZ,Male,44,Non,1.18,763,"{Welfare:[なし], Education:[なし], City:[なし], Other:[市の魅力向上]}",N/A,N/A,吉本興業所属の芸人として活動,0,N/A,市議
2022,矢野こうすけ,Male,34,Community Party of Nishitokyo,1.17,758,"{Welfare:[高齢者活躍], Education:[なし], 
City:[なし], Other:[議員報酬削減, 情報公開, 伝統文化振興, 職業議員・世襲議員の撤廃, 議員定数削減]}",N/A,N/A,日本舞踊、歌手として活動,0,N/A,市議
2022,ザ・シャーク,Male,46,Non,0.61,396,"{Welfare:[病児保育拡大, 福祉従事者環境改善],
 Education:[フリースクール, 地域人材発掘], City:[なし], Other:[空き家補助, 商店街イベント]}",N/A,N/A,現役プロレスラー。本名は笹目智広。,0,N/A,市議
2022,おだみつえ,Female,N/A,Female Politicians 48,0.24,153,"{Welfare:[なし], Education:[スマートフォン無償貸与],
 City:[なし], Other:[選挙立候補年齢の18歳への引き下げ, インターネット投票]}",N/A,N/A,N/A,0,N/A,市議
2022,あさひけいこ,Female,56,Female Politicians 48,0.15,96,"{Welfare:[なし], Education:[スマートフォン無償貸与],
 City:[なし], Other:[選挙立候補年齢の18歳への引き下げ, インターネット投票]}",N/A,N/A,N/A,0,N/A,市議
2022,保谷美智夫,Male,64,Non,0.13,87.131,"{Welfare:[待機児童ゼロ], Education:[入園・入学・進級時の祝い金], City:[なし], Other:[なんでも相談窓口]}",N/A,N/A,N/A,0,N/A,市議
2022,まるよし孝文,Male,N/A,Female Politicians 48,0.02,14,"{Welfare:[なし], Education:[なし], City:[なし], Other:[なし]}",N/A,N/A,N/A,0,N/A,市議
2018,森てるお,Male,69,Non,6.18,3730.518,"{Welfare:[高齢者福祉, 子育て支援], Education:[なし], City:[なし], Other:[市民の政治参加, 議員特権の廃止]}",8.89,5709,大学時代、全共闘に参加し逮捕されたことがある,1,1,市議
2018,浜中のりかた,Male,35,Liberal Democrats,5.44,3282,"{Welfare:[幼児保育無償化, 高齢者福祉, ヘルス
ケア], Education:[学校環境整備, 虐待・いじめ・貧困解決], City:[防災, 西武新宿線への乗り入れ, 乗り合いタクシー, 地元産業支援], Other:[1市2庁舎体制の解消, 財政改革, 行政改革]}",5.56,3571,前職は野村証券株式会社,1,1,市議
2018,かとう涼子,Female,48,Nishitokyo-Citizens' Network,4.59,2772,"{Welfare:[子育て・介護支援], Education:[なし], City:[空き家活用, 交通弱者支援], Other:[総合相談窓口設置, 子供の居場所づくり, 市民の政治参加]}",3.92,2519,N/A,1,1,市議
2018,佐藤大介,Male,38,Constitutional Democrats,4.59,2772.139,"{Welfare:[独居高齢者支援, 介護士・保育士待遇改善],
 Education:[なし], City:[商店街活性化, ], Other:[防災・防犯意識向上]}",N/A,N/A,N/A,1,N/A,市議
2018,後藤ゆう子,Female,52,Nishitokyo-Citizens' Network,4.48,2705,"{Welfare:[子育て・介護支援, 子ども食堂], 
Education:[なし], City:[なし], Other:[市民の政治参加, 生活困窮者支援, 省エネ]}",4.15,2664,N/A,1,1,市議
2018,保谷なおみ,Female,56,Liberal Democrats,3.92,2367.32,"{Welfare:[高齢者福祉, コミュニティ構築], 
Education:[なし], City:[防災, 都市計画道路3・4・11合繊整備, 西武線連続立体化, 無電柱化, 公共交通充実, 公園整備], Other:[地産地消]}",4,2566,N/A,1,1,市議
2018,大林みつあき,Male,48,Komeito,3.71,2237,"{Welfare:[高齢者福祉, 障がい者福祉], 
Education:[なし], City:[歩行者、自転車の安全, 地震集中豪雨対策], Other:[子供の居場所づくり]}",N/A,N/A,N/A,1,N/A,市議
2018,森しんいち,Male,59,Constitutional Democrats,3.63,2194.481,"{Welfare:[介護者支援, 障がい者福祉, 待機児童解消, 貧困根絶], Education:[教育環境整備], City:[なし], Other:[雇用体制]}",2.27,1454,N/A,1,1,市議
2018,藤田みちこ,Female,61,Komeito,3.54,2139,"{Welfare:[保育施設への感染症情報提供, 受動
喫煙防止, 保育園の使用済みおむつ持ち帰り撤廃], Education:[なし], City:[車歩道段差解消, 公園でのボール遊びを可能に], Other:[なし]}",3.09,1986,N/A,1,1,市議
2018,佐藤公男,Male,55,Komeito,3.47,2093,"{Welfare:[高齢者福祉, 待機児童ゼロ, 障がい者
福祉], Education:[パラアート], City:[文化芸術スポーツ振興, 豪雨対策, 防災], Other:[なし]}",3.06,1966,N/A,1,1,市議
2018,納田さおり,Female,48,Non,3.46,2087,"{Welfare:[高齢者福祉, 障がい者福祉, 子育て支援], Education:[学費支援], City:[田無駅南口発展, 防災], Other:[ハラスメント防止, 西東京マルシェ構想]}",3.33,2139,N/A,1,1,市議
2018,田代のぶゆき,Male,48,Komeito,3.38,2038,"{Welfare:[待機児童ゼロ, 高齢者福祉, 障がい者施設], Education:[教育環境充実, 特別支援教育充実], City:[防災], Other:[なし]}",3.12,2004,N/A,1,1,市議
2018,中村すぐる,Male,31,Japan Communist,3.2,1931,"{Welfare:[学校教育無償化, 学校体育館にエアコ
ン設置], Education:[学校図書館に司書配置], City:[市バス拡充], Other:[音楽振興, ブラックバイト一掃]}",N/A,N/A,N/A,1,N/A,市議
2018,保谷清子,Female,69,Japan Communist,3.16,1910.679,"{Welfare:[学校給食無償化, 障がい者グループホーム拡充, 老人ホーム増設], Education:[学校図書館司書配置], City:[商店街活性化, 市バス拡充], Other:[農業振興]}",3.12,2002,小児科医院勤務歴を持つ,1,1,市議
2018,おばた勝己,Male,64,Komeito,3.06,1847,"{Welfare:[高齢者活躍], Education:[いじめ・
虐待・不登校など相談機能強化], City:[交通空白地域解消, 防災], Other:[資源ごみの戸別収集]}",N/A,N/A,N/A,1,N/A,市議
2018,田中のりあき,Male,59,Liberal Democrats,3.06,1846,"{Welfare:[地域包括ケアシステム構築], 
Education:[教育環境整備], City:[防災, 連続立体化, ひばりが丘周辺まちづくり], Other:[商工農業振興, 防犯カメラ整備, 財政基盤強化]}",2.89,1854,N/A,1,1,市議
2018,大竹あつ子,Female,49,Japan Communist,2.79,1684,"{Welfare:[老人ホーム増設, 保育園増設, 障がい者グルー
プホーム増設], Education:[いじめ・虐待・体罰防止], City:[なし], Other:[同性パートナーシップ証明制定,　動物愛護]}",2.96,1900,N/A,1,1,市議
2018,遠藤源太郎,Male,68,Liberal Democrats,2.75,1658,"{Welfare:[幼児教育費無償化, 高齢者福祉], Education:[教育環境改善], City:[芝久保新駅建設, 田無駅南口広場整備, 交通空白地域改善], Other:[循環型社会, わかりやすい行政]}",3.44,2208,市議会議長の経験がある,1,1,市議
2018,小林たつや,Male,57,Liberal Democrats,2.68,1619,"{Welfare:[高齢者福祉], Education:[なし], City
:[公園整備, ドッグラン, 交通不便地区解消], Other:[なし]}",2.7,1734,N/A,1,1,市議
2018,中川清志,Male,46,Liberal Democrats,2.63,1588,"{Welfare:[高齢者福祉], Education:[なし], City:[住空間改善, 公共施設改善], Other:[ペットとの共生]}",N/A,N/A,N/A,1,N/A,市議
2018,いながき裕二,Male,55,Liberal Democrats,2.6,1570,"{Welfare:[高齢者福祉, 障がい者支援], 
Education:[農業体験], City:[公共施設適正配置, 東伏見駅連続立体交差化, 市道改良, 電線地中化, 商店街活性化], Other:[地産地消, 統合新庁舎, 行政改革, 財政負担軽減]}",2.33,1496,N/A,1,1,市議
2018,酒井ごう一郎,Male,40,Liberal Democrats,2.57,1554.507,"{Welfare:[高齢者福祉, 障がい者福祉, 待機児童
ゼロ], Education:[小中一貫教育], City:[柳沢駅周辺まちづくり, 田無駅南口駅前広場整備, 豪雨対策, 公園整備, 市バスルート改善, 生活道路改良, 交通空白地域支援, 公共施設適正配置], Other:[行政サービス利便化, 1市2庁舎体制解消, 市民の政治参加, 農業振興]}",3.06,1961,N/A,1,1,市議
2018,坂井かずひこ,Male,55,Non,2.5,1509,"{Welfare:[高齢者福祉, 医療体制整備], Education:[少人数学級, 幼児学習充実], City:[駅前開発, 市バス拡充, 無電柱化], Other:[防犯]}",3.25,2088,N/A,1,1,市議
2018,田村ひろゆき,Male,40,Non,2.48,1497,"{Welfare:[待機児童解消, 歩きたばこ禁止], 
Education:[なし], City:[安全な踏切・歩道, 市バス改善, 緑地保全], Other:[議員報酬の使い道の公開, ニュースレター発行]}",N/A,N/A,N/A,1,0,市議
2018,山田忠良,Male,37,Liberal Democrats,2.32,1401,"{Welfare:[子育て支援], Education:[青少年の健全育成], City:[防災・防犯都市, 商工農業振興], Other:[伝統文化, 緑]}",N/A,N/A,N/A,1,N/A,市議
2018,こみね和美,Male,67,Non,2.31,1394,"{Welfare:[なし], Education:[教育環境整備], City:[コンサートホール建設, 田無駅南口広場・街路整備], Other:[なし]}",2.27,1457,N/A,1,1,市議
2018,藤岡ともあき,Male,72,Japan Communist,2.22,1342,"{Welfare:[介護保険料軽減, 障がい者就労支援, 学校給食無償化], Education:[学校図書館司書配置], City:[市バス拡充, 庁舎統合反対], Other:[市民の金銭負担軽減]}",2.39,1537,石油化学工場や印刷会社での勤務歴を持つ,1,1,市議
2018,とみながゆうじ,Male,50,NHK,2.21,1337,"{Welfare:[なし], Education:[なし], City:[なし], Other:[NHK集金の禁止]}",N/A,N/A,N/A,1,N/A,市議
2018,浅野のりひろ,Male,43,Liberal Democrats,1.92,1159,"{Welfare:[地域包括支援センター], Education:
[文化振興, 生涯学習, 公共施設統廃合], City:[公園整備, 防災, 生活道路改善], Other:[行政コスト削減, 地産地消]}",N/A,N/A,調理師免許、幼稚園教諭二種などの資格を持つ,0,N/A,市議
2018,たきしま喜重,Male,52,Tokyo Citizens First,1.61,972,"{Welfare:[福祉分野行政窓口改善], Education:
[地域参加教育], City:[柳沢駅周辺まちづくり, 観光推進, 空き家対策, 納得のいく新庁舎, 小中一貫教育], Other:[財源確保, 議員報酬削減, 動物愛護]}",1.9,1219,FP・相続士,0,1,市議
2018,山崎英昭,Male,46,Non,1.29,776,"{Welfare:[子育て支援], Education:[なし], City
:[防災, 連続立体交差化, 安全な道路整備, 緑化], Other:[情報公開, 市民の政治参加, 電子公文書館, 電子市役所, 文化芸術センター]}",2.81,1804,N/A,0,1,市議
2018,二木孝之,Male,57,Democratic Party for the People,1.21,728,"{Welfare:[待機児童ゼロ, 高齢者福祉], Education:[なし], City:[新庁舎用地購入撤回], Other:[なし]}",3.56,2284,前職は印刷会社,0,1,市議
2018,たんじひこ太,Male,56,Non,1.05,631,"{Welfare:[児童虐待防止], Education:[なし], 
City:[なし], Other:[東大農場を生物多様性拠点に, 動物愛護, ベーシックインカム, LGBTパートナーシップ制度]}",N/A,N/A,N/A,0,N/A,市議
2014,森てるお,Male,65,Non,8.89,5709,N/A,8.54,5426,N/A,1,1,市議
2014,浜中のりかた,Male,31,Liberal Democrats,5.56,3571,N/A,5.46,3468,N/A,1,1,市議
2014,後藤ゆう子,Female,48,Nishitokyo-Citizens' Network,4.15,2664,N/A,N/A,N/A,N/A,1,N/A,市議
2014,保谷なおみ,Female,52,Liberal Democrats,4,2566,N/A,3.87,2462,N/A,1,1,市議
2014,かとう涼子,Female,44,Nishitokyo-Citizens' Network,3.92,2519,N/A,N/A,N/A,N/A,1,N/A,市議
2014,二木孝之,Male,53,Democrats,3.56,2284,N/A,N/A,N/A,N/A,1,N/A,市議
2014,遠藤源太郎,Male,64,Liberal Democrats,3.44,2208,N/A,3.25,2067,N/A,1,1,市議
2014,納田さおり,Female,44,Non,3.33,2139,N/A,3.08,1955,N/A,1,1,市議
2014,坂井かずひこ,Male,51,Democrats,3.25,2088,N/A,2.39,1518,N/A,1,1,市議
2014,森住孝明,Male,28,Japan Communist,3.23,2073,N/A,N/A,N/A,N/A,1,N/A,市議
2014,田代のぶゆき,Male,44,Komeito,3.12,2004,N/A,N/A,N/A,N/A,1,N/A,市議
2014,保谷清子,Female,65,Japan Communist,3.12,2002,N/A,2.76,1754,N/A,1,1,市議
2014,大林みつあき,Male,44,Komeito,3.11,1998,N/A,N/A,N/A,N/A,1,N/A,市議
2014,藤田みちこ,Female,57,Komeito,3.09,1986,N/A,3.32,2111,N/A,1,1,市議
2014,佐藤公男,Male,51,Komeito,3.06,1966,N/A,3.01,1910,N/A,1,1,市議
2014,酒井ごう一郎,Male,36,Liberal Democrats,3.06,1961,N/A,3.29,2092,N/A,1,1,市議
2014,大竹あつ子,Female,45,Japan Communist,2.96,1900,N/A,N/A,N/A,N/A,1,N/A,市議
2014,おばた勝己,Male,60,Komeito,2.92,1877,N/A,N/A,N/A,N/A,1,N/A,市議
2014,田中のりあき,Male,55,Liberal Democrats,2.89,1854,N/A,2.87,1825,N/A,1,1,市議
2014,山崎英昭,Male,42,Restoration,2.81,1804,N/A,1.86,1182,N/A,1,0,市議
2014,小林たつや,Male,53,Liberal Democrats,2.7,1734,N/A,2.43,1543,N/A,1,1,市議
2014,藤岡ともあき,Male,68,Japan Communist,2.39,1537,N/A,2.68,1704,N/A,1,1,市議
2014,いながき裕二,Male,51,Liberal Democrats,2.33,1496,N/A,2.72,1730,N/A,1,1,市議
2014,浅野たかし,Male,69,Liberal Democrats,2.29,1469,N/A,2.93,1864,N/A,1,1,市議
2014,こみね和美,Male,63,Non,2.27,1457,N/A,2.98,1892,N/A,1,1,市議
2014,森しんいち,Male,55,Non,2.27,1454,N/A,2.1,1334,N/A,1,0,市議
2014,桐山ひとみ,Female,42,Non,1.96,1256,N/A,2.39,1516,2017年以降、都民ファーストの会入会、東京都議会議員に。2022年、都民ファーストの会除名処分。,1,1,市議
2014,たきしま喜重,Male,48,Next Generation,1.9,1219,N/A,N/A,N/A,N/A,1,N/A,市議
2014,大友かく子,Female,48,Non,1.76,1131,N/A,N/A,N/A,学童クラブ委員など,0,N/A,市議
2014,石田しこう,Male,40,Non,1.31,838,N/A,2.54,1616,N/A,0,1,市議
2014,田村ひろゆき,Male,36,Non,1.17,751,N/A,N/A,N/A,N/A,0,N/A,市議
2014,森田いさお,Male,37,Non,1.08,696,N/A,3.08,1959,N/A,0,1,市議
2014,山口あずさ,Female,52,Non,0.94,606,N/A,N/A,N/A,N/A,0,N/A,市議
2014,荒居たかゆき,Male,53,Livelihood,0.9,580,N/A,N/A,N/A,N/A,0,N/A,市議
2014,有馬のぶゆき,Male,77,Non,0.77,495,N/A,N/A,N/A,青山学院大経済学部卒,0,N/A,市議
2014,村山しょうじ,Male,N/A,Non,0.46,298,N/A,N/A,N/A,N/A,0,N/A,市議
2010,森てるお,Male,61,Non,8.54,5426,N/A,4.65,2955,N/A,1,1,市議
2010,浜中のりかた,Male,27,Liberal Democrats,5.46,3468,N/A,N/A,N/A,N/A,1,N/A,市議
2010,保谷なおみ,Female,48,Non,3.87,2462,N/A,3.69,2343,N/A,1,1,市議
2010,藤田みちこ,Female,53,Komeito,3.32,2111,N/A,N/A,N/A,N/A,1,N/A,市議
2010,酒井ごう一郎,Male,32,Liberal Democrats,3.29,2092,N/A,N/A,N/A,N/A,1,N/A,市議
2010,遠藤源太郎,Male,60,Liberal Democrats,3.25,2067,N/A,3.41,2164,N/A,1,1,市議
2010,おばた勝己,Male,56,Komeito,3.25,2063,N/A,N/A,N/A,N/A,1,N/A,市議
2010,森田いさお,Male,33,Everyone's,3.08,1959,N/A,N/A,N/A,N/A,1,N/A,市議
2010,納田さおり,Female,40,Non,3.08,1955,N/A,2.76,1754,N/A,1,1,市議
2010,佐々木純一,Male,60,Komeito,3.05,1939,N/A,3.43,2176,N/A,1,1,市議
2010,青山としや,Male,N/A,Komeito,3.05,1936,N/A,N/A,N/A,N/A,1,N/A,市議
2010,佐藤公男,Male,47,Komeito,3.01,1910,N/A,3.76,2387,N/A,1,1,市議
2010,こみね和美,Male,59,Everyone's,2.98,1892,N/A,2.76,1754,N/A,1,1,市議
2010,浅野たかし,Male,65,Liberal Democrats,2.93,1864,N/A,2.94,1865,N/A,1,1,市議
2010,大林みつあき,Male,40,Komeito,2.93,1862,N/A,N/A,N/A,N/A,1,N/A,市議
2010,田中のりあき,Male,51,Liberal Democrats,2.87,1825,N/A,2.93,1858,N/A,1,1,市議
2010,大友かく子,Female,44,Nishitokyo-Citizens' Network,2.83,1801,N/A,N/A,N/A,N/A,1,N/A,市議
2010,保谷清子,Female,61,Japan Communist,2.76,1754,N/A,3.05,1935,N/A,1,1,市議
2010,いながき裕二,Male,47,Liberal Democrats,2.72,1730,N/A,3.38,2149,N/A,1,1,市議
2010,石田ひろこ,Female,52,Nishitokyo-Citizens' Network,2.72,1726,N/A,N/A,N/A,2男1女の母,1,N/A,市議
2010,藤岡ともあき,Male,64,Japan Communist,2.68,1704,N/A,2.81,1782,N/A,1,1,市議
2010,石塚まちこ,Female,28,Democrats,2.6,1651,N/A,N/A,N/A,健康上の理由で2期目への出馬を断念した,1,N/A,市議
2010,石田しこう,Male,36,Everyone's,2.54,1616,N/A,N/A,N/A,N/A,1,N/A,市議
2010,小林たつや,Male,49,Non,2.43,1543,N/A,2.06,1308,N/A,1,1,市議
2010,坂井かずひこ,Male,47,Democrats,2.39,1518,N/A,N/A,N/A,N/A,1,N/A,市議
2010,桐山ひとみ,Female,38,Democrats,2.39,1516,N/A,4.53,2876,N/A,1,1,市議
2010,倉根康雄,Male,58,Japan Communist,2.31,1469,N/A,2.53,1608,N/A,1,1,市議
2010,安斉慎一郎,Male,66,Japan Communist,2.23,1416,N/A,2.4,1525,N/A,1,1,市議
2010,相馬和弘,Male,49,Social Democrats,2.19,1390,N/A,3.04,1931,N/A,0,1,市議
2010,森しんいち,Male,51,Democrats,2.1,1334,N/A,3.66,2322,N/A,0,1,市議
2010,二木たかゆき,Male,48,Democrats,2.1,1332,N/A,2.58,1640,N/A,0,1,市議
2010,山崎英昭,Male,38,Democrats,1.86,1182,N/A,3.4,2158,N/A,0,1,市議
2010,塩月哲郎,Male,N/A,Liberal Democrats,1.76,1116,N/A,N/A,N/A,N/A,0,N/A,市議
2010,望月伸光,Male,36,Democrats,1.43,909,N/A,2.57,1633,N/A,0,1,市議
2006,森てるお,Male,57,Non,4.65,2955,N/A,3.42,2089,N/A,1,1,市議
2006,桐山ひとみ,Female,34,Democrats,4.53,2876,N/A,2.53,1549,N/A,1,1,市議
2006,佐藤公男,Male,44,Komeito,3.76,2387,N/A,N/A,N/A,N/A,1,N/A,市議
2006,岩越しょうこ,Female,57,Komeito,3.7,2352,N/A,2.87,1753,N/A,1,1,市議
2006,保谷なおみ,Female,44,Nishitokyo-Citizens' Network,3.69,2343,N/A,3.22,1968,N/A,1,1,市議
2006,森しんいち,Male,47,Democrats,3.66,2322,N/A,N/A,N/A,N/A,1,N/A,市議
2006,大友かく子,Female,40,Nishitokyo-Citizens' Network,3.47,2202,N/A,N/A,N/A,N/A,1,N/A,市議
2006,中田えみこ,Female,65,Komeito,3.45,2189,N/A,3.09,1888,N/A,1,1,市議
2006,佐々木純一,Male,56,Komeito,3.43,2176,N/A,3.06,1874,N/A,1,1,市議
2006,板垣洋子,Female,64,Nishitokyo-Citizens' Network,3.41,2168,N/A,N/A,N/A,N/A,1,N/A,市議
2006,遠藤源太郎,Male,56,Non,3.41,2164,N/A,3.72,2278,N/A,1,1,市議
2006,山崎英昭,Male,34,Democrats,3.4,2158,N/A,2.68,1640,N/A,1,1,市議
2006,いながき裕二,Male,43,Liberal Democrats,3.38,2149,N/A,2.31,1411,N/A,1,1,市議
2006,あらい五郎,Male,54,Komeito,3.3,2094,N/A,2.98,1824,N/A,1,1,市議
2006,おばた勝己,Male,52,Komeito,3.29,2091,N/A,N/A,N/A,N/A,1,N/A,市議
2006,保谷清子,Female,57,Japan Communist,3.05,1935,N/A,2.17,1324,N/A,1,1,市議
2006,相馬和弘,Male,45,Social Democrats,3.04,1931,N/A,2.02,1238,N/A,1,1,市議
2006,浅野たかし,Male,61,Liberal Democrats,2.94,1865,N/A,2.3,1408,N/A,1,1,市議
2006,田中のりあき,Male,47,Liberal Democrats,2.93,1858,N/A,N/A,N/A,N/A,1,N/A,市議
2006,藤岡ともあき,Male,60,Japan Communist,2.81,1782,N/A,N/A,N/A,N/A,1,N/A,市議
2006,納田さおり,Female,36,Non,2.76,1754,N/A,N/A,N/A,N/A,1,N/A,市議
2006,こみね和美,Male,55,Non,2.76,1754,N/A,N/A,N/A,N/A,1,N/A,市議
2006,えびさわ進,Male,61,Non,2.73,1731,N/A,2.5,1530,N/A,1,1,市議
2006,二木たかゆき,Male,44,Democrats,2.58,1640,N/A,1.83,1117,N/A,1,1,市議
2006,望月伸光,Male,32,Democrats,2.57,1633,N/A,N/A,N/A,N/A,1,N/A,市議
2006,倉根康雄,Male,54,Japan Communist,2.53,1608,N/A,2,1221,N/A,1,1,市議
2006,安斉慎一郎,Male,62,Japan Communist,2.4,1525,N/A,1.93,1180,N/A,1,1,市議
2006,鈴木ひさゆき,Male,56,Liberal Democrats,2.39,1521,N/A,N/A,N/A,N/A,1,1,市議
2006,大塚みつお,Male,59,Non,2.22,1412,N/A,N/A,N/A,N/A,1,N/A,市議
2006,小林たつや,Male,45,Non,2.06,1308,N/A,2.17,1330,N/A,1,1,市議
2006,前沢てるお,Male,N/A,Non,1.93,1225,N/A,N/A,N/A,N/A,0,N/A,市議
2006,平井まさる,Male,N/A,Non,1.82,1157,N/A,N/A,N/A,N/A,0,1,市議
2006,鈴木つよし,Male,N/A,Non,1.07,681,N/A,N/A,N/A,N/A,0,N/A,市議
2006,福岡けい,Male,N/A,Non,0.71,454,N/A,N/A,N/A,N/A,0,N/A,市議
2006,小坂一雄,Male,N/A,Non,0.18,112,N/A,N/A,N/A,N/A,0,N/A,市議
2002,くらの雅章,Male,33,Democrats,4.82,2950,N/A,N/A,N/A,N/A,1,N/A,市議
2002,遠藤源太郎,Male,52,Liberal Democrats,3.72,2278,N/A,N/A,N/A,N/A,1,N/A,市議
2002,森てるお,Male,53,Non,3.42,2089,N/A,N/A,N/A,N/A,1,N/A,市議
2002,渡辺かつ子,Female,52,Nishitokyo-Citizens' Network,3.27,1999,N/A,N/A,N/A,N/A,1,N/A,市議
2002,鈴木こういち,Male,59,Komeito,3.23,1978,N/A,N/A,N/A,N/A,1,N/A,市議
2002,保谷なおみ,Female,42,Nishitokyo-Citizens' Network,3.22,1968,N/A,N/A,N/A,N/A,1,N/A,市議
2002,おばた勝己,Male,48,Komeito,3.11,1902,N/A,N/A,N/A,N/A,1,N/A,市議
2002,中田えみこ,Female,61,Komeito,3.09,1888,N/A,N/A,N/A,N/A,1,N/A,市議
2002,いぶくろ一夫,Male,54,Komeito,3.07,1880,N/A,N/A,N/A,N/A,1,N/A,市議
2002,佐々木純一,Male,52,Komeito,3.06,1874,N/A,N/A,N/A,N/A,1,N/A,市議
2002,あらい五郎,Male,50,Komeito,2.98,1824,N/A,N/A,N/A,N/A,1,N/A,市議
2002,石毛しげる,Male,47,Democrats,2.94,1798,N/A,N/A,N/A,"市議任期終了以降、
西東京市各種委員や東京都議会議員を務めた",1,N/A,市議
2002,森下のり子,Female,44,Nishitokyo-Citizens' Network,2.89,1765,N/A,N/A,N/A,N/A,1,N/A,市議
2002,岩越しょうこ,Female,53,Komeito,2.87,1753,N/A,N/A,N/A,N/A,1,N/A,市議
2002,土井せつ子,Female,53,Non,2.77,1692,N/A,N/A,N/A,N/A,1,N/A,市議
2002,保谷やすひこ,Male,66,Liberal Democrats,2.76,1691,N/A,N/A,N/A,N/A,1,N/A,市議
2002,山崎英昭,Male,30,Democrats,2.68,1640,N/A,N/A,N/A,N/A,1,N/A,市議
2002,平井まさる,Male,N/A,Non,2.58,1581,N/A,N/A,N/A,N/A,1,N/A,市議
2002,桐山ひとみ,Female,30,Democrats,2.53,1549,N/A,N/A,N/A,N/A,1,N/A,市議
2002,えびさわ進,Male,57,Non,2.5,1530,N/A,N/A,N/A,N/A,1,N/A,市議
2002,大川まり,Female,37,Japan Communist,2.46,1504,N/A,N/A,N/A,N/A,1,N/A,市議
2002,酒井きよし,Male,57,Non,2.39,1459,N/A,N/A,N/A,N/A,1,N/A,市議
2002,いながき裕二,Male,39,Non,2.31,1411,N/A,N/A,N/A,N/A,1,N/A,市議
2002,浅野たかし,Male,57,Non,2.3,1408,N/A,N/A,N/A,N/A,1,N/A,市議
2002,中山寛子,Female,69,Liberal Democrats,2.3,1404,N/A,N/A,N/A,N/A,1,N/A,市議
2002,いのしげる,Male,48,Non,2.27,1388,N/A,N/A,N/A,N/A,1,N/A,市議
2002,大塚みつお,Male,55,Non,2.2,1343,N/A,N/A,N/A,N/A,1,N/A,市議
2002,小林たつや,Male,41,Non,2.17,1330,N/A,N/A,N/A,N/A,1,N/A,市議
2002,鈴木ひさゆき,Male,52,Liberal Democrats,2.17,1326,N/A,N/A,N/A,N/A,1,N/A,市議
2002,保谷清子,Female,53,Japan Communist,2.17,1324,N/A,N/A,N/A,N/A,1,N/A,市議
2002,相馬和弘,Male,41,Social Democrats,2.02,1238,N/A,N/A,N/A,N/A,1,N/A,市議
2002,倉根康雄,Male,48,Japan Communist,2,1221,N/A,N/A,N/A,N/A,1,N/A,市議
2002,葉原ときみ,Female,55,Japan Communist,1.99,1215,N/A,N/A,N/A,N/A,1,N/A,市議
2002,安斉慎一郎,Male,58,Japan Communist,1.93,1180,N/A,N/A,N/A,N/A,1,N/A,市議
2002,高梨功,Male,57,Japan Communist,1.93,1178,N/A,N/A,N/A,N/A,1,N/A,市議
2002,二木たかゆき,Male,40,Democrats,1.83,1117,N/A,N/A,N/A,N/A,1,N/A,市議
2002,林一夫,Male,51,Liberal,1.8,1101,N/A,N/A,N/A,N/A,0,N/A,市議
2002,わたなべ保男,Male,N/A,Social Democrats,1.49,913,N/A,N/A,N/A,N/A,0,N/A,市議
2002,しまだ安民,Male,N/A,Non,0.77,473,N/A,N/A,N/A,N/A,0,N/A,市議
