Year,ids,labels,parents,amount
2024,revenue,s–¯Å,sÅ,17351380
2024,revenue,ŒÅ’è‘YÅ,sÅ,12828702
2024,revenue,Œy©“®ÔÅ,sÅ,154638
2024,revenue,s‚½‚Î‚±Å,sÅ,1071953
2024,revenue,“ssŒv‰æÅ,sÅ,2645357
2024,revenue,sÅ,Î“ü,34052030
2024,revenue,’n•ûŠö”­–û÷—^Å,’n•û÷—^Å,69000
2024,revenue,©“®Ôd—Ê÷—^Å,’n•û÷—^Å,198000
2024,revenue,X—ÑŠÂ‹«÷—^Å,’n•û÷—^Å,26000
2024,revenue,’n•û÷—^Å,Î“ü,293000
2024,revenue,—˜qŠ„Œğ•t‹à,Œğ•t‹à,57000
2024,revenue,”z“–Š„Œğ•t‹à,Œğ•t‹à,297000
2024,revenue,Š”®“™÷“nŠ“¾Š„Œğ•t‹à,Œğ•t‹à,288000
2024,revenue,–@l–‹ÆÅŒğ•t‹à,Œğ•t‹à,550000
2024,revenue,’n•ûÁ”ïÅŒğ•t‹à,Œğ•t‹à,4856000
2024,revenue,ŠÂ‹««”\Š„Œğ•t‹à,Œğ•t‹à,82000
2024,revenue,’n•û“Á—áŒğ•t‹à,Œğ•t‹à,236000
2024,revenue,’n•ûŒğ•tÅ,Î“ü,3672000
2024,revenue,Œğ’ÊˆÀ‘S‘Îô“Á•ÊŒğ•t‹à,Œğ•t‹à,14000
2024,revenue,Œğ•t‹à,Î“ü,6380000
2024,revenue,•‰’S‹à,Î“ü,332757
2024,revenue,g—p—¿,g—p—¿‹y‚Ñè”—¿,417368
2024,revenue,è”—¿,g—p—¿‹y‚Ñè”—¿,475663
2024,revenue,g—p—¿‹y‚Ñè”—¿,Î“ü,893031
2024,revenue,‘ŒÉ•‰’S‹à,‘ŒÉxo‹à,11427064
2024,revenue,‘ŒÉ•â•‹à,‘ŒÉxo‹à,4032050
2024,revenue,ˆÏ‘õ‹à,‘ŒÉxo‹à,59312
2024,revenue,‘ŒÉxo‹à,Î“ü,15518426
2024,revenue,“s•‰’S‹à,“sxo‹à,4593682
2024,revenue,“s•â•‹à,“sxo‹à,7340154
2024,revenue,ˆÏ‘õ‹à,“sxo‹à,535539
2024,revenue,“sxo‹à,Î“ü,12469375
2024,revenue,àY‰^—pû“ü,àYû“ü,91526
2024,revenue,àY”„‹pû“ü,àYû“ü,17872
2024,revenue,àYû“ü,Î“ü,109398
2024,revenue,Šñ•t‹à,Î“ü,2002
2024,revenue,“Á•Ê‰ïŒvŒJ“ü‹à,ŒJ“ü‹à,83038
2024,revenue,Šî‹àŒJ“ü‹à,ŒJ“ü‹à,553152
2024,revenue,ŒJ“ü‹à,Î“ü,636190
2024,revenue,ŒJ‰z‹à,Î“ü,500000
2024,revenue,‰„‘Ø‹à‰ÁZ‹à‹y‚Ñ‰ß—¿,”û“ü,35001
2024,revenue,s—a‹à—˜q,”û“ü,55
2024,revenue,‘İ•t‹àŒ³‹àû“ü,”û“ü,2380
2024,revenue,ó‘õ–‹Æû“ü,”û“ü,1196706
2024,revenue,G“ü,”û“ü,510659
2024,revenue,”û“ü,Î“ü,1744801
2024,revenue,sÂ,Î“ü,1185000
2024,revenue,Î“ü,,77788010
2024,spending,‹c‰ï”ï,Îo,461849
2024,spending,‘–±ŠÇ—”ï,‘–±”ï,6130936
2024,spending,’¥Å”ï,‘–±”ï,817902
2024,spending,ŒËĞZ–¯Šî–{‘ä’ ”ï,‘–±”ï,533264
2024,spending,‘I‹“”ï,‘–±”ï,191700
2024,spending,“Œv’²¸”ï,‘–±”ï,36279
2024,spending,ŠÄ¸ˆÏˆõ”ï,‘–±”ï,53691
2024,spending,‘–±”ï,Îo,7763772
2024,spending,Ğ‰ï•Ÿƒ”ï,–¯¶”ï,18903747
2024,spending,™“¶•Ÿƒ”ï,–¯¶”ï,19377061
2024,spending,¶Šˆ•ÛŒì”ï,–¯¶”ï,7952950
2024,spending,–¯¶”ï,Îo,46233758
2024,spending,•ÛŒ’‰q¶”ï,‰q¶”ï,2816755
2024,spending,´‘|”ï,‰q¶”ï,3109710
2024,spending,‰q¶”ï,Îo,5926465
2024,spending,˜J“­””ï,˜J“­”ï,13146
2024,spending,˜J“­”ï,Îo,13146
2024,spending,”_‹Æ”ï,”_—Ñ”ï,89360
2024,spending,”_—Ñ”ï,Îo,89360
2024,spending,¤H”ï,Îo,902906
2024,spending,“y–ØŠÇ—”ï,“y–Ø”ï,453289
2024,spending,“¹˜H‹´—À”ï,“y–Ø”ï,1077340
2024,spending,‰Íì”ï,“y–Ø”ï,85319
2024,spending,“ssŒv‰æ”ï,“y–Ø”ï,2648417
2024,spending,Z‘î”ï,“y–Ø”ï,193846
2024,spending,“y–Ø”ï,Îo,4458211
2024,spending,Á–h”ï,Îo,2498989
2024,spending,‹³ˆç‘–±”ï,‹³ˆç”ï,1774887
2024,spending,¬ŠwZ”ï,‹³ˆç”ï,2719020
2024,spending,’†ŠwZ”ï,‹³ˆç”ï,1252870
2024,spending,—c’t‰€”ï,‹³ˆç”ï,1065339
2024,spending,Ğ‰ï‹³ˆç”ï,‹³ˆç”ï,1332522
2024,spending,•ÛŒ’‘Ìˆç”ï,‹³ˆç”ï,888334
2024,spending,‹³ˆç”ï,Îo,9032972
2024,spending,ŒöÂ”ï,Îo,4697220
2024,spending,“y’nŠJ”­Šî‹à”ï,”xo‹à,3
2024,spending,à­’²®Šî‹à”ï,”xo‹à,86
2024,spending,”xo‹à,Îo,89
2024,spending,—\”õ”ï,Îo,80000
2024,spending,Îo,,82158737
2023,revenue,s–¯Å,sÅ,17347059
2023,revenue,ŒÂl,s–¯Å,15899100
2023,revenue,–@l,s–¯Å,1447959
2023,revenue,ŒÅ’è‘YÅ,sÅ,12750361
2023,revenue,Œy©“®ÔÅ,sÅ,147273
2023,revenue,s‚½‚Î‚±Å,sÅ,1024859
2023,revenue,“ssŒv‰æÅ,sÅ,2648616
2023,revenue,sÅ,Î“ü,33918168
2023,revenue,’n•ûŠö”­–û÷—^Å,’n•û÷—^Å,71000
2023,revenue,©“®Ôd—Ê÷—^Å,’n•û÷—^Å,197000
2023,revenue,X—ÑŠÂ‹«÷—^Å,’n•û÷—^Å,21000
2023,revenue,’n•û÷—^Å,Î“ü,289000
2023,revenue,—˜qŠ„Œğ•t‹à,Œğ•t‹à,57000
2023,revenue,”z“–Š„Œğ•t‹à,Œğ•t‹à,297000
2023,revenue,Š”®“™÷“nŠ“¾Š„Œğ•t‹à,Œğ•t‹à,288000
2023,revenue,–@l–‹ÆÅŒğ•t‹à,Œğ•t‹à,550000
2023,revenue,’n•ûÁ”ïÅŒğ•t‹à,Œğ•t‹à,4856000
2023,revenue,ŠÂ‹««”\Š„Œğ•t‹à,Œğ•t‹à,82000
2023,revenue,’n•û“Á—áŒğ•t‹à,Œğ•t‹à,257000
2023,revenue,’n•ûŒğ•tÅ,Î“ü,3670000
2023,revenue,Œğ’ÊˆÀ‘S‘Îô“Á•ÊŒğ•t‹à,Œğ•t‹à,15000
2023,revenue,Œğ•t‹à,Î“ü,6402000
2023,revenue,•‰’S‹à,Î“ü,469413
2023,revenue,g—p—¿,g—p—¿‹y‚Ñè”—¿,414409
2023,revenue,è”—¿,g—p—¿‹y‚Ñè”—¿,467960
2023,revenue,g—p—¿‹y‚Ñè”—¿,Î“ü,882369
2023,revenue,‘ŒÉ•‰’S‹à,‘ŒÉxo‹à,10602202
2023,revenue,‘ŒÉ•â•‹à,‘ŒÉxo‹à,3976090
2023,revenue,ˆÏ‘õ‹à,‘ŒÉxo‹à,60961
2023,revenue,‘ŒÉxo‹à,Î“ü,14639253
2023,revenue,“s•‰’S‹à,“sxo‹à,4415169
2023,revenue,“s•â•‹à,“sxo‹à,6941334
2023,revenue,ˆÏ‘õ‹à,“sxo‹à,451382
2023,revenue,“sxo‹à,Î“ü,11807885
2023,revenue,àY‰^—pû“ü,àYû“ü,74851
2023,revenue,àY”„‹pû“ü,àYû“ü,148877
2023,revenue,àYû“ü,Î“ü,223728
2023,revenue,Šñ•t‹à,Î“ü,1002
2023,revenue,“Á•Ê‰ïŒvŒJ“ü‹à,ŒJ“ü‹à,78830
2023,revenue,Šî‹àŒJ“ü‹à,ŒJ“ü‹à,1828864
2023,revenue,ŒJ“ü‹à,Î“ü,1907694
2023,revenue,ŒJ‰z‹à,Î“ü,500000
2023,revenue,‰„‘Ø‹à‰ÁZ‹à‹y‚Ñ‰ß—¿,”û“ü,35001
2023,revenue,s—a‹à—˜q,”û“ü,42
2023,revenue,‘İ•t‹àŒ³‹àû“ü,”û“ü,2469
2023,revenue,ó‘õ–‹Æû“ü,”û“ü,1360508
2023,revenue,G“ü,”û“ü,556568
2023,revenue,”û“ü,Î“ü,1954588
2023,revenue,sÂ,Î“ü,824900
2023,revenue,Î“ü,,77490000
2023,spending,‹c‰ï”ï,Îo,451470
2023,spending,‘–±ŠÇ—”ï,‘–±”ï,4826194
2023,spending,’¥Å”ï,‘–±”ï,768770
2023,spending,ŒËĞZ–¯Šî–{‘ä’ ”ï,‘–±”ï,557560
2023,spending,‘I‹“”ï,‘–±”ï,50132
2023,spending,“Œv’²¸”ï,‘–±”ï,35650
2023,spending,ŠÄ¸ˆÏˆõ”ï,‘–±”ï,52779
2023,spending,‘–±”ï,Îo,6291085
2023,spending,Ğ‰ï•Ÿƒ”ï,–¯¶”ï,18246582
2023,spending,™“¶•Ÿƒ”ï,–¯¶”ï,18063227
2023,spending,¶Šˆ•ÛŒì”ï,–¯¶”ï,7861107
2023,spending,–¯¶”ï,Îo,44170916
2023,spending,•ÛŒ’‰q¶”ï,‰q¶”ï,2319910
2023,spending,´‘|”ï,‰q¶”ï,3028817
2023,spending,‰q¶”ï,Îo,5348727
2023,spending,˜J“­””ï,˜J“­”ï,13637
2023,spending,˜J“­”ï,Îo,13637
2023,spending,”_‹Æ”ï,”_—Ñ”ï,97652
2023,spending,”_—Ñ”ï,Îo,97652
2023,spending,¤H”ï,Îo,455444
2023,spending,“y–ØŠÇ—”ï,“y–Ø”ï,465673
2023,spending,“¹˜H‹´—À”ï,“y–Ø”ï,1140149
2023,spending,‰Íì”ï,“y–Ø”ï,24775
2023,spending,“ssŒv‰æ”ï,“y–Ø”ï,3254793
2023,spending,Z‘î”ï,“y–Ø”ï,165585
2023,spending,“y–Ø”ï,Îo,5050975
2023,spending,Á–h”ï,Îo,2652656
2023,spending,‹³ˆç‘–±”ï,‹³ˆç”ï,1527042
2023,spending,¬ŠwZ”ï,‹³ˆç”ï,2639121
2023,spending,’†ŠwZ”ï,‹³ˆç”ï,1115857
2023,spending,—c’t‰€”ï,‹³ˆç”ï,1048805
2023,spending,Ğ‰ï‹³ˆç”ï,‹³ˆç”ï,1302639
2023,spending,•ÛŒ’‘Ìˆç”ï,‹³ˆç”ï,509339
2023,spending,‹³ˆç”ï,Îo,8142803
2023,spending,ŒöÂ”ï,Îo,4734546
2023,spending,“y’nŠJ”­Šî‹à”ï,”xo‹à,3
2023,spending,à­’²®Šî‹à”ï,”xo‹à,86
2023,spending,”xo‹à,Îo,89
2023,spending,—\”õ”ï,Îo,80000
2023,spending,Îo,,77490000
2022,revenue,s–¯Å,sÅ,16083451
2022,revenue,ŒÂl,s–¯Å,14969516
2022,revenue,–@l,s–¯Å,1113935
2022,revenue,ŒÅ’è‘YÅ,sÅ,12432935
2022,revenue,Œy©“®ÔÅ,sÅ,140440
2022,revenue,s‚½‚Î‚±Å,sÅ,1028261
2022,revenue,“ssŒv‰æÅ,sÅ,2586674
2022,revenue,sÅ,Î“ü,32271761
2022,revenue,’n•ûŠö”­–û÷—^Å,’n•û÷—^Å,66000
2022,revenue,©“®Ôd—Ê÷—^Å,’n•û÷—^Å,205000
2022,revenue,X—ÑŠÂ‹«÷—^Å,’n•û÷—^Å,21000
2022,revenue,’n•û÷—^Å,Î“ü,292000
2022,revenue,—˜qŠ„Œğ•t‹à,Œğ•t‹à,40000
2022,revenue,”z“–Š„Œğ•t‹à,Œğ•t‹à,274000
2022,revenue,Š”®“™÷“nŠ“¾Š„Œğ•t‹à,Œğ•t‹à,312000
2022,revenue,–@l–‹ÆÅŒğ•t‹à,Œğ•t‹à,359000
2022,revenue,’n•ûÁ”ïÅŒğ•t‹à,Œğ•t‹à,3860000
2022,revenue,ŠÂ‹««”\Š„Œğ•t‹à,Œğ•t‹à,70000
2022,revenue,’n•û“Á—áŒğ•t‹à,Œğ•t‹à,271000
2022,revenue,’n•ûŒğ•tÅ,Î“ü,3860000
2022,revenue,Œğ’ÊˆÀ‘S‘Îô“Á•ÊŒğ•t‹à,Œğ•t‹à,18000
2022,revenue,Œğ•t‹à,Î“ü,5204000
2022,revenue,•‰’S‹à,Î“ü,451939
2022,revenue,g—p—¿,g—p—¿‹y‚Ñè”—¿,396174
2022,revenue,è”—¿,g—p—¿‹y‚Ñè”—¿,474514
2022,revenue,g—p—¿‹y‚Ñè”—¿,Î“ü,870688
2022,revenue,‘ŒÉ•‰’S‹à,‘ŒÉxo‹à,10511406
2022,revenue,‘ŒÉ•â•‹à,‘ŒÉxo‹à,5057641
2022,revenue,ˆÏ‘õ‹à,‘ŒÉxo‹à,62010
2022,revenue,‘ŒÉxo‹à,Î“ü,15631057
2022,revenue,“s•‰’S‹à,“sxo‹à,4187124
2022,revenue,“s•â•‹à,“sxo‹à,6920689
2022,revenue,ˆÏ‘õ‹à,“sxo‹à,503007
2022,revenue,“sxo‹à,Î“ü,11610820
2022,revenue,àY‰^—pû“ü,àYû“ü,70998
2022,revenue,àY”„‹pû“ü,àYû“ü,54621
2022,revenue,àYû“ü,Î“ü,125619
2022,revenue,Šñ•t‹à,Î“ü,1002
2022,revenue,“Á•Ê‰ïŒvŒJ“ü‹à,ŒJ“ü‹à,77060
2022,revenue,Šî‹àŒJ“ü‹à,ŒJ“ü‹à,1231828
2022,revenue,ŒJ“ü‹à,Î“ü,1308888
2022,revenue,ŒJ‰z‹à,Î“ü,500000
2022,revenue,‰„‘Ø‹à‰ÁZ‹à‹y‚Ñ‰ß—¿,”û“ü,43001
2022,revenue,s—a‹à—˜q,”û“ü,46
2022,revenue,‘İ•t‹àŒ³‹àû“ü,”û“ü,2656
2022,revenue,ó‘õ–‹Æû“ü,”û“ü,836916
2022,revenue,G“ü,”û“ü,542907
2022,revenue,”û“ü,Î“ü,1425526
2022,revenue,sÂ,Î“ü,3249700
2022,revenue,Î“ü,,76803000
2022,spending,‹c‰ï”ï,Îo,456236
2022,spending,‘–±ŠÇ—”ï,‘–±”ï,5413593
2022,spending,’¥Å”ï,‘–±”ï,817810
2022,spending,ŒËĞZ–¯Šî–{‘ä’ ”ï,‘–±”ï,576094
2022,spending,‘I‹“”ï,‘–±”ï,224688
2022,spending,“Œv’²¸”ï,‘–±”ï,36155
2022,spending,ŠÄ¸ˆÏˆõ”ï,‘–±”ï,52657
2022,spending,‘–±”ï,Îo,7120997
2022,spending,Ğ‰ï•Ÿƒ”ï,–¯¶”ï,17873626
2022,spending,™“¶•Ÿƒ”ï,–¯¶”ï,16980762
2022,spending,¶Šˆ•ÛŒì”ï,–¯¶”ï,7846222
2022,spending,–¯¶”ï,Îo,42700610
2022,spending,•ÛŒ’‰q¶”ï,‰q¶”ï,2249844
2022,spending,´‘|”ï,‰q¶”ï,2928037
2022,spending,‰q¶”ï,Îo,5177881
2022,spending,˜J“­””ï,˜J“­”ï,14304
2022,spending,˜J“­”ï,Îo,14304
2022,spending,”_‹Æ”ï,”_—Ñ”ï,94808
2022,spending,”_—Ñ”ï,Îo,94808
2022,spending,¤H”ï,Îo,541275
2022,spending,“y–ØŠÇ—”ï,“y–Ø”ï,448864
2022,spending,“¹˜H‹´—À”ï,“y–Ø”ï,848737
2022,spending,‰Íì”ï,“y–Ø”ï,12999
2022,spending,“ssŒv‰æ”ï,“y–Ø”ï,4014032
2022,spending,Z‘î”ï,“y–Ø”ï,169453
2022,spending,“y–Ø”ï,Îo,5494085
2022,spending,Á–h”ï,Îo,2550235
2022,spending,‹³ˆç‘–±”ï,‹³ˆç”ï,1563938
2022,spending,¬ŠwZ”ï,‹³ˆç”ï,2400056
2022,spending,’†ŠwZ”ï,‹³ˆç”ï,1342387
2022,spending,—c’t‰€”ï,‹³ˆç”ï,1065885
2022,spending,Ğ‰ï‹³ˆç”ï,‹³ˆç”ï,1122935
2022,spending,•ÛŒ’‘Ìˆç”ï,‹³ˆç”ï,578807
2022,spending,‹³ˆç”ï,Îo,8074008
2022,spending,ŒöÂ”ï,Îo,4785489
2022,spending,“y’nŠJ”­Šî‹à”ï,”xo‹à,3
2022,spending,à­’²®Šî‹à”ï,”xo‹à,69
2022,spending,”xo‹à,Îo,72
2022,spending,—\”õ”ï,Îo,80000
2022,spending,Îo,,77090000
2021,revenue,s–¯Å,sÅ,15423101
2021,revenue,ŒÂl,s–¯Å,14372256
2021,revenue,–@l,s–¯Å,1050845
2021,revenue,ŒÅ’è‘YÅ,sÅ,12158300
2021,revenue,Œy©“®ÔÅ,sÅ,129533
2021,revenue,s‚½‚Î‚±Å,sÅ,989048
2021,revenue,“ssŒv‰æÅ,sÅ,2508691
2021,revenue,sÅ,Î“ü,31208673
2021,revenue,’n•ûŠö”­–û÷—^Å,’n•û÷—^Å,63000
2021,revenue,©“®Ôd—Ê÷—^Å,’n•û÷—^Å,189000
2021,revenue,X—ÑŠÂ‹«÷—^Å,’n•û÷—^Å,16000
2021,revenue,’n•û÷—^Å,Î“ü,268000
2021,revenue,—˜qŠ„Œğ•t‹à,Œğ•t‹à,44000
2021,revenue,”z“–Š„Œğ•t‹à,Œğ•t‹à,229000
2021,revenue,Š”®“™÷“nŠ“¾Š„Œğ•t‹à,Œğ•t‹à,250000
2021,revenue,–@l–‹ÆÅŒğ•t‹à,Œğ•t‹à,193000
2021,revenue,’n•ûÁ”ïÅŒğ•t‹à,Œğ•t‹à,3880000
2021,revenue,ŠÂ‹««”\Š„Œğ•t‹à,Œğ•t‹à,60000
2021,revenue,’n•û“Á—áŒğ•t‹à,Œğ•t‹à,274000
2021,revenue,VŒ^ƒRƒƒiƒEƒCƒ‹ƒXŠ´õÇ‘Îô“Á•ÊŒğ•t‹à,Œğ•t‹à,94000
2021,revenue,’n•ûŒğ•tÅ,Î“ü,2927000
2021,revenue,Œğ’ÊˆÀ‘S‘Îô“Á•ÊŒğ•t‹à,Œğ•t‹à,17000
2021,revenue,Œğ•t‹à,Î“ü,4947000
2021,revenue,•‰’S‹à,Î“ü,456971
2021,revenue,g—p—¿,g—p—¿‹y‚Ñè”—¿,377355
2021,revenue,è”—¿,g—p—¿‹y‚Ñè”—¿,481713
2021,revenue,g—p—¿‹y‚Ñè”—¿,Î“ü,859068
2021,revenue,‘ŒÉ•‰’S‹à,‘ŒÉxo‹à,10344202
2021,revenue,‘ŒÉ•â•‹à,‘ŒÉxo‹à,3614093
2021,revenue,ˆÏ‘õ‹à,‘ŒÉxo‹à,61632
2021,revenue,‘ŒÉxo‹à,Î“ü,14019927
2021,revenue,“s•‰’S‹à,“sxo‹à,3997050
2021,revenue,“s•â•‹à,“sxo‹à,6296918
2021,revenue,ˆÏ‘õ‹à,“sxo‹à,560769
2021,revenue,“sxo‹à,Î“ü,10854737
2021,revenue,àY‰^—pû“ü,àYû“ü,71638
2021,revenue,àY”„‹pû“ü,àYû“ü,54760
2021,revenue,àYû“ü,Î“ü,126398
2021,revenue,Šñ•t‹à,Î“ü,2502
2021,revenue,“Á•Ê‰ïŒvŒJ“ü‹à,ŒJ“ü‹à,3
2021,revenue,Šî‹àŒJ“ü‹à,ŒJ“ü‹à,584911
2021,revenue,ŒJ“ü‹à,Î“ü,584914
2021,revenue,ŒJ‰z‹à,Î“ü,500000
2021,revenue,‰„‘Ø‹à‰ÁZ‹à‹y‚Ñ‰ß—¿,”û“ü,43001
2021,revenue,s—a‹à—˜q,”û“ü,70
2021,revenue,‘İ•t‹àŒ³‹àû“ü,”û“ü,3521
2021,revenue,ó‘õ–‹Æû“ü,”û“ü,1034095
2021,revenue,G“ü,”û“ü,520323
2021,revenue,”û“ü,Î“ü,1601010
2021,revenue,sÂ,Î“ü,3779800
2021,revenue,Î“ü,,72230000
2021,spending,‹c‰ï”ï,Îo,463598
2021,spending,‘–±ŠÇ—”ï,‘–±”ï,4610934
2021,spending,’¥Å”ï,‘–±”ï,765773
2021,spending,ŒËĞZ–¯Šî–{‘ä’ ”ï,‘–±”ï,570938
2021,spending,‘I‹“”ï,‘–±”ï,181121
2021,spending,“Œv’²¸”ï,‘–±”ï,33750
2021,spending,ŠÄ¸ˆÏˆõ”ï,‘–±”ï,58298
2021,spending,‘–±”ï,Îo,6220814
2021,spending,Ğ‰ï•Ÿƒ”ï,–¯¶”ï,16113530
2021,spending,™“¶•Ÿƒ”ï,–¯¶”ï,16984321
2021,spending,¶Šˆ•ÛŒì”ï,–¯¶”ï,7832607
2021,spending,–¯¶”ï,Îo,40930458
2021,spending,•ÛŒ’‰q¶”ï,‰q¶”ï,2116952
2021,spending,´‘|”ï,‰q¶”ï,2869368
2021,spending,‰q¶”ï,Îo,4986320
2021,spending,˜J“­””ï,˜J“­”ï,16977
2021,spending,˜J“­”ï,Îo,16977
2021,spending,”_‹Æ”ï,”_—Ñ”ï,91104
2021,spending,”_—Ñ”ï,Îo,91104
2021,spending,¤H”ï,Îo,215561
2021,spending,“y–ØŠÇ—”ï,“y–Ø”ï,449927
2021,spending,“¹˜H‹´—À”ï,“y–Ø”ï,801849
2021,spending,‰Íì”ï,“y–Ø”ï,11631
2021,spending,“ssŒv‰æ”ï,“y–Ø”ï,2240153
2021,spending,Z‘î”ï,“y–Ø”ï,185822
2021,spending,“y–Ø”ï,Îo,3689382
2021,spending,Á–h”ï,Îo,2434393
2021,spending,‹³ˆç‘–±”ï,‹³ˆç”ï,1453505
2021,spending,¬ŠwZ”ï,‹³ˆç”ï,1998760
2021,spending,’†ŠwZ”ï,‹³ˆç”ï,1506485
2021,spending,—c’t‰€”ï,‹³ˆç”ï,1022167
2021,spending,Ğ‰ï‹³ˆç”ï,‹³ˆç”ï,1787177
2021,spending,•ÛŒ’‘Ìˆç”ï,‹³ˆç”ï,554134
2021,spending,‹³ˆç”ï,Îo,8322228
2021,spending,ŒöÂ”ï,Îo,4789102
2021,spending,“y’nŠJ”­Šî‹à”ï,”xo‹à,3
2021,spending,à­’²®Šî‹à”ï,”xo‹à,60
2021,spending,”xo‹à,Îo,63
2021,spending,—\”õ”ï,Îo,80000
2021,spending,Îo,,72240000
2020,revenue,s–¯Å,sÅ,16586619
2020,revenue,ŒÂl,s–¯Å,15097724
2020,revenue,–@l,s–¯Å,1488895
2020,revenue,ŒÅ’è‘YÅ,sÅ,12129551
2020,revenue,Œy©“®ÔÅ,sÅ,118454
2020,revenue,s‚½‚Î‚±Å,sÅ,924897
2020,revenue,“ssŒv‰æÅ,sÅ,2517523
2020,revenue,sÅ,Î“ü,32277044
2020,revenue,’n•ûŠö”­–û÷—^Å,’n•û÷—^Å,66000
2020,revenue,©“®Ôd—Ê÷—^Å,’n•û÷—^Å,208000
2020,revenue,X—ÑŠÂ‹«÷—^Å,’n•û÷—^Å,16000
2020,revenue,’n•û÷—^Å,Î“ü,290000
2020,revenue,—˜qŠ„Œğ•t‹à,Œğ•t‹à,47000
2020,revenue,”z“–Š„Œğ•t‹à,Œğ•t‹à,246000
2020,revenue,Š”®“™÷“nŠ“¾Š„Œğ•t‹à,Œğ•t‹à,136000
2020,revenue,–@l–‹ÆÅŒğ•t‹à,Œğ•t‹à,90000
2020,revenue,’n•ûÁ”ïÅŒğ•t‹à,Œğ•t‹à,3956000
2020,revenue,ŠÂ‹««”\Š„Œğ•t‹à,Œğ•t‹à,67012
2020,revenue,’n•û“Á—áŒğ•t‹à,Œğ•t‹à,229000
2020,revenue,VŒ^ƒRƒƒiƒEƒCƒ‹ƒXŠ´õÇ‘Îô“Á•ÊŒğ•t‹à,Œğ•t‹à,0
2020,revenue,’n•û“Á—áŒğ•t‹à,Œğ•t‹à,229000
2020,revenue,’n•ûŒğ•tÅ,Î“ü,3124000
2020,revenue,Œğ’ÊˆÀ‘S‘Îô“Á•ÊŒğ•t‹à,Œğ•t‹à,15000
2020,revenue,Œğ•t‹à,Î“ü,5015012
2020,revenue,•‰’S‹à,Î“ü,449550
2020,revenue,g—p—¿,g—p—¿‹y‚Ñè”—¿,300000
2020,revenue,è”—¿,g—p—¿‹y‚Ñè”—¿,489586
2020,revenue,g—p—¿‹y‚Ñè”—¿,Î“ü,789586
2020,revenue,‘ŒÉ•‰’S‹à,‘ŒÉxo‹à,10271329
2020,revenue,‘ŒÉ•â•‹à,‘ŒÉxo‹à,3486559
2020,revenue,ˆÏ‘õ‹à,‘ŒÉxo‹à,58899
2020,revenue,‘ŒÉxo‹à,Î“ü,13816787
2020,revenue,“s•‰’S‹à,“sxo‹à,3868559
2020,revenue,“s•â•‹à,“sxo‹à,6124341
2020,revenue,ˆÏ‘õ‹à,“sxo‹à,594508
2020,revenue,“sxo‹à,Î“ü,10587408
2020,revenue,àY‰^—pû“ü,àYû“ü,67288
2020,revenue,àY”„‹pû“ü,àYû“ü,17000
2020,revenue,àYû“ü,Î“ü,84288
2020,revenue,Šñ•t‹à,Î“ü,1002
2020,revenue,“Á•Ê‰ïŒvŒJ“ü‹à,ŒJ“ü‹à,3
2020,revenue,Šî‹àŒJ“ü‹à,ŒJ“ü‹à,434932
2020,revenue,ŒJ“ü‹à,Î“ü,434935
2020,revenue,ŒJ‰z‹à,Î“ü,500000
2020,revenue,‰„‘Ø‹à‰ÁZ‹à‹y‚Ñ‰ß—¿,”û“ü,45001
2020,revenue,s—a‹à—˜q,”û“ü,79
2020,revenue,‘İ•t‹àŒ³‹àû“ü,”û“ü,4115
2020,revenue,ó‘õ–‹Æû“ü,”û“ü,585749
2020,revenue,G“ü,”û“ü,519856
2020,revenue,”û“ü,Î“ü,1154800
2020,revenue,sÂ,Î“ü,6714300
2020,revenue,Î“ü,,75009712
2020,spending,‹c‰ï”ï,Îo,463626
2020,spending,‘–±ŠÇ—”ï,‘–±”ï,5543666
2020,spending,’¥Å”ï,‘–±”ï,779105
2020,spending,ŒËĞZ–¯Šî–{‘ä’ ”ï,‘–±”ï,517132
2020,spending,‘I‹“”ï,‘–±”ï,192001
2020,spending,“Œv’²¸”ï,‘–±”ï,144125
2020,spending,ŠÄ¸ˆÏˆõ”ï,‘–±”ï,56052
2020,spending,‘–±”ï,Îo,7232081
2020,spending,Ğ‰ï•Ÿƒ”ï,–¯¶”ï,15832375
2020,spending,™“¶•Ÿƒ”ï,–¯¶”ï,16781753
2020,spending,¶Šˆ•ÛŒì”ï,–¯¶”ï,7788200
2020,spending,–¯¶”ï,Îo,40402328
2020,spending,•ÛŒ’‰q¶”ï,‰q¶”ï,1928005
2020,spending,´‘|”ï,‰q¶”ï,2916918
2020,spending,‰q¶”ï,Îo,4844923
2020,spending,˜J“­””ï,˜J“­”ï,17853
2020,spending,˜J“­”ï,Îo,17853
2020,spending,”_‹Æ”ï,”_—Ñ”ï,90890
2020,spending,”_—Ñ”ï,Îo,90890
2020,spending,¤H”ï,Îo,232362
2020,spending,“y–ØŠÇ—”ï,“y–Ø”ï,463036
2020,spending,“¹˜H‹´—À”ï,“y–Ø”ï,1239949
2020,spending,‰Íì”ï,“y–Ø”ï,13377
2020,spending,“ssŒv‰æ”ï,“y–Ø”ï,1819062
2020,spending,Z‘î”ï,“y–Ø”ï,153223
2020,spending,“y–Ø”ï,Îo,3688647
2020,spending,Á–h”ï,Îo,2431371
2020,spending,‹³ˆç‘–±”ï,‹³ˆç”ï,1360162
2020,spending,¬ŠwZ”ï,‹³ˆç”ï,6085458
2020,spending,’†ŠwZ”ï,‹³ˆç”ï,1280169
2020,spending,—c’t‰€”ï,‹³ˆç”ï,1108844
2020,spending,Ğ‰ï‹³ˆç”ï,‹³ˆç”ï,1257634
2020,spending,•ÛŒ’‘Ìˆç”ï,‹³ˆç”ï,517782
2020,spending,‹³ˆç”ï,Îo,11610049
2020,spending,ŒöÂ”ï,Îo,5111068
2020,spending,“y’nŠJ”­Šî‹à”ï,”xo‹à,3
2020,spending,à­’²®Šî‹à”ï,”xo‹à,60
2020,spending,”xo‹à,Îo,63
2020,spending,—\”õ”ï,Îo,80000
2020,spending,Îo,,76205261
2019,revenue,s–¯Å,sÅ,16533829
2019,revenue,ŒÂl,s–¯Å,15025473
2019,revenue,–@l,s–¯Å,1508356
2019,revenue,ŒÅ’è‘YÅ,sÅ,11997796
2019,revenue,Œy©“®ÔÅ,sÅ,113026
2019,revenue,s‚½‚Î‚±Å,sÅ,940976
2019,revenue,“ssŒv‰æÅ,sÅ,2487797
2019,revenue,sÅ,Î“ü,32073424
2019,revenue,’n•ûŠö”­–û÷—^Å,’n•û÷—^Å,73000
2019,revenue,©“®Ôd—Ê÷—^Å,’n•û÷—^Å,186000
2019,revenue,X—ÑŠÂ‹«÷—^Å,’n•û÷—^Å,7000
2019,revenue,’n•û÷—^Å,Î“ü,266000
2019,revenue,—˜qŠ„Œğ•t‹à,Œğ•t‹à,51000
2019,revenue,”z“–Š„Œğ•t‹à,Œğ•t‹à,260000
2019,revenue,Š”®“™÷“nŠ“¾Š„Œğ•t‹à,Œğ•t‹à,166000
2019,revenue,’n•ûÁ”ïÅŒğ•t‹à,Œğ•t‹à,3210000
2019,revenue,ŠÂ‹««”\Š„Œğ•t‹à,Œğ•t‹à,25000
2019,revenue,’n•û“Á—áŒğ•t‹à,Œğ•t‹à,250000
2019,revenue,VŒ^ƒRƒƒiƒEƒCƒ‹ƒXŠ´õÇ‘Îô“Á•ÊŒğ•t‹à,Œğ•t‹à,0
2019,revenue,’n•û“Á—áŒğ•t‹à,Î“ü,250000
2019,revenue,’n•ûŒğ•tÅ,Î“ü,3435000
2019,revenue,Œğ’ÊˆÀ‘S‘Îô“Á•ÊŒğ•t‹à,Œğ•t‹à,15000
2019,revenue,Œğ•t‹à,Î“ü,3977000
2019,revenue,•‰’S‹à,Î“ü,989601
2019,revenue,g—p—¿,g—p—¿‹y‚Ñè”—¿,309811
2019,revenue,è”—¿,g—p—¿‹y‚Ñè”—¿,436000
2019,revenue,g—p—¿‹y‚Ñè”—¿,Î“ü,745811
2019,revenue,‘ŒÉ•‰’S‹à,‘ŒÉxo‹à,9948871
2019,revenue,‘ŒÉ•â•‹à,‘ŒÉxo‹à,2601619
2019,revenue,ˆÏ‘õ‹à,‘ŒÉxo‹à,59881
2019,revenue,‘ŒÉxo‹à,Î“ü,12610371
2019,revenue,“s•‰’S‹à,“sxo‹à,3408151
2019,revenue,“s•â•‹à,“sxo‹à,5843930
2019,revenue,ˆÏ‘õ‹à,“sxo‹à,484849
2019,revenue,“sxo‹à,Î“ü,9736930
2019,revenue,àY‰^—pû“ü,àYû“ü,65905
2019,revenue,àY”„‹pû“ü,àYû“ü,715989
2019,revenue,àYû“ü,Î“ü,781894
2019,revenue,Šñ•t‹à,Î“ü,1002
2019,revenue,“Á•Ê‰ïŒvŒJ“ü‹à,ŒJ“ü‹à,3
2019,revenue,Šî‹àŒJ“ü‹à,ŒJ“ü‹à,1241627
2019,revenue,ŒJ“ü‹à,Î“ü,1241630
2019,revenue,ŒJ‰z‹à,Î“ü,500000
2019,revenue,‰„‘Ø‹à‰ÁZ‹à‹y‚Ñ‰ß—¿,”û“ü,45001
2019,revenue,s—a‹à—˜q,”û“ü,79
2019,revenue,‘İ•t‹àŒ³‹àû“ü,”û“ü,4342
2019,revenue,ó‘õ–‹Æû“ü,”û“ü,106745
2019,revenue,G“ü,”û“ü,462970
2019,revenue,”û“ü,Î“ü,619137
2019,revenue,sÂ,Î“ü,4362200
2019,revenue,Î“ü,,71340000
2019,spending,‹c‰ï”ï,Îo,463466
2019,spending,‘–±ŠÇ—”ï,‘–±”ï,5765754
2019,spending,’¥Å”ï,‘–±”ï,805513
2019,spending,ŒËĞZ–¯Šî–{‘ä’ ”ï,‘–±”ï,506451
2019,spending,‘I‹“”ï,‘–±”ï,134378
2019,spending,“Œv’²¸”ï,‘–±”ï,42150
2019,spending,ŠÄ¸ˆÏˆõ”ï,‘–±”ï,56055
2019,spending,‘–±”ï,Îo,7310301
2019,spending,Ğ‰ï•Ÿƒ”ï,–¯¶”ï,15328547
2019,spending,™“¶•Ÿƒ”ï,–¯¶”ï,16165655
2019,spending,¶Šˆ•ÛŒì”ï,–¯¶”ï,7710195
2019,spending,–¯¶”ï,Îo,39204397
2019,spending,•ÛŒ’‰q¶”ï,‰q¶”ï,1947800
2019,spending,´‘|”ï,‰q¶”ï,2792985
2019,spending,‰q¶”ï,Îo,4740785
2019,spending,˜J“­””ï,˜J“­”ï,17900
2019,spending,˜J“­”ï,Îo,17900
2019,spending,”_‹Æ”ï,”_—Ñ”ï,102428
2019,spending,”_—Ñ”ï,Îo,102428
2019,spending,¤H”ï,Îo,235839
2019,spending,“y–ØŠÇ—”ï,“y–Ø”ï,402017
2019,spending,“¹˜H‹´—À”ï,“y–Ø”ï,971412
2019,spending,‰Íì”ï,“y–Ø”ï,17164
2019,spending,“ssŒv‰æ”ï,“y–Ø”ï,2148645
2019,spending,Z‘î”ï,“y–Ø”ï,183502
2019,spending,“y–Ø”ï,Îo,3722740
2019,spending,Á–h”ï,Îo,2448595
2019,spending,‹³ˆç‘–±”ï,‹³ˆç”ï,1165326
2019,spending,¬ŠwZ”ï,‹³ˆç”ï,3096964
2019,spending,’†ŠwZ”ï,‹³ˆç”ï,872255
2019,spending,—c’t‰€”ï,‹³ˆç”ï,572432
2019,spending,Ğ‰ï‹³ˆç”ï,‹³ˆç”ï,1265173
2019,spending,•ÛŒ’‘Ìˆç”ï,‹³ˆç”ï,480408
2019,spending,‹³ˆç”ï,Îo,7452558
2019,spending,ŒöÂ”ï,Îo,5633712
2019,spending,“y’nŠJ”­Šî‹à”ï,”xo‹à,12
2019,spending,à­’²®Šî‹à”ï,”xo‹à,267
2019,spending,”xo‹à,Îo,279
2019,spending,—\”õ”ï,Îo,80000
2019,spending,Îo,,71413000
2018,revenue,s–¯Å,sÅ,16579656
2018,revenue,ŒÂl,s–¯Å,14984560
2018,revenue,–@l,s–¯Å,1595096
2018,revenue,ŒÅ’è‘YÅ,sÅ,11828970
2018,revenue,Œy©“®ÔÅ,sÅ,109452
2018,revenue,s‚½‚Î‚±Å,sÅ,935928
2018,revenue,“ssŒv‰æÅ,sÅ,2454672
2018,revenue,sÅ,Î“ü,31908678
2018,revenue,’n•ûŠö”­–û÷—^Å,’n•û÷—^Å,77000
2018,revenue,©“®Ôd—Ê÷—^Å,’n•û÷—^Å,209000
2018,revenue,X—ÑŠÂ‹«÷—^Å,’n•û÷—^Å,0
2018,revenue,’n•û÷—^Å,Î“ü,286000
2018,revenue,—˜qŠ„Œğ•t‹à,Œğ•t‹à,46000
2018,revenue,”z“–Š„Œğ•t‹à,Œğ•t‹à,225000
2018,revenue,Š”®“™÷“nŠ“¾Š„Œğ•t‹à,Œğ•t‹à,155000
2018,revenue,’n•ûÁ”ïÅŒğ•t‹à,Œğ•t‹à,3247000
2018,revenue,©“®Ôæ“¾ÅŒğ•t‹à,Œğ•t‹à,160000
2018,revenue,’n•û“Á—áŒğ•t‹à,Œğ•t‹à,172000
2018,revenue,’n•ûŒğ•tÅ,Î“ü,3053000
2018,revenue,Œğ’ÊˆÀ‘S‘Îô“Á•ÊŒğ•t‹à,Œğ•t‹à,16000
2018,revenue,Œğ•t‹à,Î“ü,4021000
2018,revenue,•‰’S‹à,Î“ü,949974
2018,revenue,g—p—¿,g—p—¿‹y‚Ñè”—¿,289744
2018,revenue,è”—¿,g—p—¿‹y‚Ñè”—¿,434542
2018,revenue,g—p—¿‹y‚Ñè”—¿,Î“ü,724286
2018,revenue,‘ŒÉ•‰’S‹à,‘ŒÉxo‹à,10614844
2018,revenue,‘ŒÉ•â•‹à,‘ŒÉxo‹à,1421242
2018,revenue,ˆÏ‘õ‹à,‘ŒÉxo‹à,59929
2018,revenue,‘ŒÉxo‹à,Î“ü,12096015
2018,revenue,“s•‰’S‹à,“sxo‹à,3272373
2018,revenue,“s•â•‹à,“sxo‹à,5501933
2018,revenue,ˆÏ‘õ‹à,“sxo‹à,407188
2018,revenue,“sxo‹à,Î“ü,9181494
2018,revenue,àY‰^—pû“ü,àYû“ü,61262
2018,revenue,àY”„‹pû“ü,àYû“ü,987616
2018,revenue,àYû“ü,Î“ü,1048878
2018,revenue,Šñ•t‹à,Î“ü,1002
2018,revenue,“Á•Ê‰ïŒvŒJ“ü‹à,ŒJ“ü‹à,4
2018,revenue,Šî‹àŒJ“ü‹à,ŒJ“ü‹à,2113941
2018,revenue,ŒJ“ü‹à,Î“ü,2113945
2018,revenue,ŒJ‰z‹à,Î“ü,500000
2018,revenue,‰„‘Ø‹à‰ÁZ‹à‹y‚Ñ‰ß—¿,”û“ü,45000
2018,revenue,s—a‹à—˜q,”û“ü,78
2018,revenue,‘İ•t‹àŒ³‹àû“ü,”û“ü,4305
2018,revenue,ó‘õ–‹Æû“ü,”û“ü,46310
2018,revenue,G“ü,”û“ü,476635
2018,revenue,”û“ü,Î“ü,572328
2018,revenue,sÂ,Î“ü,7985400
2018,revenue,Î“ü,,74442000
2018,spending,‹c‰ï”ï,Îo,468853
2018,spending,‘–±ŠÇ—”ï,‘–±”ï,6470558
2018,spending,’¥Å”ï,‘–±”ï,792027
2018,spending,ŒËĞZ–¯Šî–{‘ä’ ”ï,‘–±”ï,524314
2018,spending,‘I‹“”ï,‘–±”ï,139401
2018,spending,“Œv’²¸”ï,‘–±”ï,40305
2018,spending,ŠÄ¸ˆÏˆõ”ï,‘–±”ï,55482
2018,spending,‘–±”ï,Îo,8022087
2018,spending,Ğ‰ï•Ÿƒ”ï,–¯¶”ï,14715086
2018,spending,™“¶•Ÿƒ”ï,–¯¶”ï,15434009
2018,spending,¶Šˆ•ÛŒì”ï,–¯¶”ï,7599959
2018,spending,–¯¶”ï,Îo,37749054
2018,spending,•ÛŒ’‰q¶”ï,‰q¶”ï,1927957
2018,spending,´‘|”ï,‰q¶”ï,2706514
2018,spending,‰q¶”ï,Îo,4634471
2018,spending,˜J“­””ï,˜J“­”ï,17521
2018,spending,˜J“­”ï,Îo,17521
2018,spending,”_‹Æ”ï,”_—Ñ”ï,135688
2018,spending,”_—Ñ”ï,Îo,135688
2018,spending,¤H”ï,Îo,232081
2018,spending,“y–ØŠÇ—”ï,“y–Ø”ï,482391
2018,spending,“¹˜H‹´—À”ï,“y–Ø”ï,1130972
2018,spending,‰Íì”ï,“y–Ø”ï,13751
2018,spending,“ssŒv‰æ”ï,“y–Ø”ï,1671641
2018,spending,Z‘î”ï,“y–Ø”ï,261482
2018,spending,“y–Ø”ï,Îo,3560237
2018,spending,Á–h”ï,Îo,2435388
2018,spending,‹³ˆç‘–±”ï,‹³ˆç”ï,1137679
2018,spending,¬ŠwZ”ï,‹³ˆç”ï,3057106
2018,spending,’†ŠwZ”ï,‹³ˆç”ï,4876842
2018,spending,—c’t‰€”ï,‹³ˆç”ï,585352
2018,spending,Ğ‰ï‹³ˆç”ï,‹³ˆç”ï,989972
2018,spending,•ÛŒ’‘Ìˆç”ï,‹³ˆç”ï,477539
2018,spending,‹³ˆç”ï,Îo,11124490
2018,spending,ŒöÂ”ï,Îo,5981917
2018,spending,“y’nŠJ”­Šî‹à”ï,”xo‹à,12
2018,spending,à­’²®Šî‹à”ï,”xo‹à,261
2018,spending,”xo‹à,Îo,273
2018,spending,—\”õ”ï,Îo,80000
2018,spending,Îo,,74442060
2017,revenue,s–¯Å,sÅ,16325984
2017,revenue,ŒÂl,s–¯Å,14668772
2017,revenue,–@l,s–¯Å,1657212
2017,revenue,ŒÅ’è‘YÅ,sÅ,11656665
2017,revenue,Œy©“®ÔÅ,sÅ,106201
2017,revenue,s‚½‚Î‚±Å,sÅ,976910
2017,revenue,“ssŒv‰æÅ,sÅ,2407831
2017,revenue,sÅ,Î“ü,31473591
2017,revenue,’n•ûŠö”­–û÷—^Å,’n•û÷—^Å,89000
2017,revenue,©“®Ôd—Ê÷—^Å,’n•û÷—^Å,183000
2017,revenue,X—ÑŠÂ‹«÷—^Å,’n•û÷—^Å,0
2017,revenue,’n•û÷—^Å,Î“ü,272000
2017,revenue,—˜qŠ„Œğ•t‹à,Œğ•t‹à,57000
2017,revenue,”z“–Š„Œğ•t‹à,Œğ•t‹à,215000
2017,revenue,Š”®“™÷“nŠ“¾Š„Œğ•t‹à,Œğ•t‹à,145000
2017,revenue,’n•ûÁ”ïÅŒğ•t‹à,Œğ•t‹à,3713000
2017,revenue,©“®Ôæ“¾ÅŒğ•t‹à,Œğ•t‹à,121000
2017,revenue,’n•û“Á—áŒğ•t‹à,Œğ•t‹à,148000
2017,revenue,’n•ûŒğ•tÅ,Î“ü,3066000
2017,revenue,Œğ’ÊˆÀ‘S‘Îô“Á•ÊŒğ•t‹à,Œğ•t‹à,17000
2017,revenue,Œğ•t‹à,Î“ü,4416000
2017,revenue,•‰’S‹à,Î“ü,973000
2017,revenue,g—p—¿,g—p—¿‹y‚Ñè”—¿,284315
2017,revenue,è”—¿,g—p—¿‹y‚Ñè”—¿,418113
2017,revenue,g—p—¿‹y‚Ñè”—¿,Î“ü,702428
2017,revenue,‘ŒÉ•‰’S‹à,‘ŒÉxo‹à,10393008
2017,revenue,‘ŒÉ•â•‹à,‘ŒÉxo‹à,900857
2017,revenue,ˆÏ‘õ‹à,‘ŒÉxo‹à,59950
2017,revenue,‘ŒÉxo‹à,Î“ü,11353815
2017,revenue,“s•‰’S‹à,“sxo‹à,3075191
2017,revenue,“s•â•‹à,“sxo‹à,5327824
2017,revenue,ˆÏ‘õ‹à,“sxo‹à,445110
2017,revenue,“sxo‹à,Î“ü,8848125
2017,revenue,àY‰^—pû“ü,àYû“ü,61730
2017,revenue,àY”„‹pû“ü,àYû“ü,361857
2017,revenue,àYû“ü,Î“ü,423587
2017,revenue,Šñ•t‹à,Î“ü,802
2017,revenue,“Á•Ê‰ïŒvŒJ“ü‹à,ŒJ“ü‹à,4
2017,revenue,Šî‹àŒJ“ü‹à,ŒJ“ü‹à,2801425
2017,revenue,ŒJ“ü‹à,Î“ü,2801429
2017,revenue,ŒJ‰z‹à,Î“ü,500000
2017,revenue,‰„‘Ø‹à‰ÁZ‹à‹y‚Ñ‰ß—¿,”û“ü,45000
2017,revenue,s—a‹à—˜q,”û“ü,82
2017,revenue,‘İ•t‹àŒ³‹àû“ü,”û“ü,5701
2017,revenue,ó‘õ–‹Æû“ü,”û“ü,14491
2017,revenue,G“ü,”û“ü,520544
2017,revenue,”û“ü,Î“ü,585818
2017,revenue,sÂ,Î“ü,4812400
2017,revenue,Î“ü,,70228995
2017,spending,‹c‰ï”ï,Îo,553219
2017,spending,‘–±ŠÇ—”ï,‘–±”ï,5254092
2017,spending,’¥Å”ï,‘–±”ï,847845
2017,spending,ŒËĞZ–¯Šî–{‘ä’ ”ï,‘–±”ï,476926
2017,spending,‘I‹“”ï,‘–±”ï,102065
2017,spending,“Œv’²¸”ï,‘–±”ï,31787
2017,spending,ŠÄ¸ˆÏˆõ”ï,‘–±”ï,56892
2017,spending,‘–±”ï,Îo,6769607
2017,spending,Ğ‰ï•Ÿƒ”ï,–¯¶”ï,14870632
2017,spending,™“¶•Ÿƒ”ï,–¯¶”ï,14955186
2017,spending,¶Šˆ•ÛŒì”ï,–¯¶”ï,7654028
2017,spending,–¯¶”ï,Îo,37479846
2017,spending,•ÛŒ’‰q¶”ï,‰q¶”ï,1942394
2017,spending,´‘|”ï,‰q¶”ï,2960593
2017,spending,‰q¶”ï,Îo,4902987
2017,spending,˜J“­””ï,˜J“­”ï,17368
2017,spending,˜J“­”ï,Îo,17368
2017,spending,”_‹Æ”ï,”_—Ñ”ï,70088
2017,spending,”_—Ñ”ï,Îo,70088
2017,spending,¤H”ï,Îo,243520
2017,spending,“y–ØŠÇ—”ï,“y–Ø”ï,741406
2017,spending,“¹˜H‹´—À”ï,“y–Ø”ï,1222961
2017,spending,‰Íì”ï,“y–Ø”ï,15617
2017,spending,“ssŒv‰æ”ï,“y–Ø”ï,2561938
2017,spending,Z‘î”ï,“y–Ø”ï,368664
2017,spending,“y–Ø”ï,Îo,4910586
2017,spending,Á–h”ï,Îo,2508517
2017,spending,‹³ˆç‘–±”ï,‹³ˆç”ï,1101664
2017,spending,¬ŠwZ”ï,‹³ˆç”ï,2546919
2017,spending,’†ŠwZ”ï,‹³ˆç”ï,914529
2017,spending,—c’t‰€”ï,‹³ˆç”ï,644882
2017,spending,Ğ‰ï‹³ˆç”ï,‹³ˆç”ï,1025795
2017,spending,•ÛŒ’‘Ìˆç”ï,‹³ˆç”ï,467159
2017,spending,‹³ˆç”ï,Îo,6700948
2017,spending,ŒöÂ”ï,Îo,5991986
2017,spending,“y’nŠJ”­Šî‹à”ï,”xo‹à,12
2017,spending,à­’²®Šî‹à”ï,”xo‹à,316
2017,spending,”xo‹à,Îo,328
2017,spending,—\”õ”ï,Îo,80000
2017,spending,Îo,,70229000
2016,revenue,s–¯Å,sÅ,16215366
2016,revenue,ŒÂl,s–¯Å,14499239
2016,revenue,–@l,s–¯Å,1716127
2016,revenue,ŒÅ’è‘YÅ,sÅ,11559065
2016,revenue,Œy©“®ÔÅ,sÅ,107663
2016,revenue,s‚½‚Î‚±Å,sÅ,993027
2016,revenue,“ssŒv‰æÅ,sÅ,2394620
2016,revenue,sÅ,Î“ü,31269741
2016,revenue,’n•ûŠö”­–û÷—^Å,’n•û÷—^Å,70000
2016,revenue,©“®Ôd—Ê÷—^Å,’n•û÷—^Å,191000
2016,revenue,X—ÑŠÂ‹«÷—^Å,’n•û÷—^Å,0
2016,revenue,’n•û÷—^Å,Î“ü,261000
2016,revenue,—˜qŠ„Œğ•t‹à,Œğ•t‹à,86000
2016,revenue,”z“–Š„Œğ•t‹à,Œğ•t‹à,476000
2016,revenue,Š”®“™÷“nŠ“¾Š„Œğ•t‹à,Œğ•t‹à,281000
2016,revenue,–@l–‹ÆÅŒğ•t‹à,Œğ•t‹à,0
2016,revenue,’n•ûÁ”ïÅŒğ•t‹à,Œğ•t‹à,3896000
2016,revenue,©“®Ôæ“¾ÅŒğ•t‹à,Œğ•t‹à,126000
2016,revenue,’n•û“Á—áŒğ•t‹à,Œğ•t‹à,143000
2016,revenue,’n•ûŒğ•tÅ,Î“ü,3070000
2016,revenue,Œğ’ÊˆÀ‘S‘Îô“Á•ÊŒğ•t‹à,Œğ•t‹à,18000
2016,revenue,Œğ•t‹à,Î“ü,5026000
2016,revenue,•‰’S‹à,Î“ü,921694
2016,revenue,g—p—¿,g—p—¿‹y‚Ñè”—¿,282330
2016,revenue,è”—¿,g—p—¿‹y‚Ñè”—¿,402128
2016,revenue,g—p—¿‹y‚Ñè”—¿,Î“ü,684458
2016,revenue,‘ŒÉ•‰’S‹à,‘ŒÉxo‹à,10051687
2016,revenue,‘ŒÉ•â•‹à,‘ŒÉxo‹à,1350728
2016,revenue,ˆÏ‘õ‹à,‘ŒÉxo‹à,63145
2016,revenue,‘ŒÉxo‹à,Î“ü,11465560
2016,revenue,“s•‰’S‹à,“sxo‹à,2960005
2016,revenue,“s•â•‹à,“sxo‹à,5304781
2016,revenue,ˆÏ‘õ‹à,“sxo‹à,449889
2016,revenue,“sxo‹à,Î“ü,8714675
2016,revenue,àY‰^—pû“ü,àYû“ü,47619
2016,revenue,àY”„‹pû“ü,àYû“ü,6835
2016,revenue,àYû“ü,Î“ü,54454
2016,revenue,Šñ•t‹à,Î“ü,601
2016,revenue,“Á•Ê‰ïŒvŒJ“ü‹à,ŒJ“ü‹à,4
2016,revenue,Šî‹àŒJ“ü‹à,ŒJ“ü‹à,3358570
2016,revenue,ŒJ“ü‹à,Î“ü,3358574
2016,revenue,ŒJ‰z‹à,Î“ü,500000
2016,revenue,‰„‘Ø‹à‰ÁZ‹à‹y‚Ñ‰ß—¿,”û“ü,50000
2016,revenue,s—a‹à—˜q,”û“ü,640
2016,revenue,‘İ•t‹àŒ³‹àû“ü,”û“ü,6697
2016,revenue,ó‘õ–‹Æû“ü,”û“ü,3638
2016,revenue,G“ü,”û“ü,514868
2016,revenue,”û“ü,Î“ü,575843
2016,revenue,sÂ,Î“ü,4089400
2016,revenue,Î“ü,,69992000
2016,spending,‹c‰ï”ï,Îo,472095
2016,spending,‘–±ŠÇ—”ï,‘–±”ï,4539306
2016,spending,’¥Å”ï,‘–±”ï,798824
2016,spending,ŒËĞZ–¯Šî–{‘ä’ ”ï,‘–±”ï,505202
2016,spending,‘I‹“”ï,‘–±”ï,184189
2016,spending,“Œv’²¸”ï,‘–±”ï,39109
2016,spending,ŠÄ¸ˆÏˆõ”ï,‘–±”ï,55121
2016,spending,‘–±”ï,Îo,6121751
2016,spending,Ğ‰ï•Ÿƒ”ï,–¯¶”ï,14913604
2016,spending,™“¶•Ÿƒ”ï,–¯¶”ï,14093260
2016,spending,¶Šˆ•ÛŒì”ï,–¯¶”ï,7641664
2016,spending,–¯¶”ï,Îo,36648528
2016,spending,•ÛŒ’‰q¶”ï,‰q¶”ï,1920395
2016,spending,´‘|”ï,‰q¶”ï,2978668
2016,spending,‰q¶”ï,Îo,4899063
2016,spending,˜J“­””ï,˜J“­”ï,17381
2016,spending,˜J“­”ï,Îo,17381
2016,spending,”_‹Æ”ï,”_—Ñ”ï,80588
2016,spending,”_—Ñ”ï,Îo,80588
2016,spending,¤H”ï,Îo,246422
2016,spending,“y–ØŠÇ—”ï,“y–Ø”ï,441816
2016,spending,“¹˜H‹´—À”ï,“y–Ø”ï,1160796
2016,spending,‰Íì”ï,“y–Ø”ï,6941
2016,spending,“ssŒv‰æ”ï,“y–Ø”ï,3783189
2016,spending,Z‘î”ï,“y–Ø”ï,309169
2016,spending,“y–Ø”ï,Îo,5701911
2016,spending,Á–h”ï,Îo,2452363
2016,spending,‹³ˆç‘–±”ï,‹³ˆç”ï,1050100
2016,spending,¬ŠwZ”ï,‹³ˆç”ï,2556431
2016,spending,’†ŠwZ”ï,‹³ˆç”ï,974100
2016,spending,—c’t‰€”ï,‹³ˆç”ï,633367
2016,spending,Ğ‰ï‹³ˆç”ï,‹³ˆç”ï,1023735
2016,spending,•ÛŒ’‘Ìˆç”ï,‹³ˆç”ï,489580
2016,spending,‹³ˆç”ï,Îo,6727313
2016,spending,ŒöÂ”ï,Îo,6543627
2016,spending,“y’nŠJ”­Šî‹à”ï,”xo‹à,29
2016,spending,à­’²®Šî‹à”ï,”xo‹à,929
2016,spending,”xo‹à,Îo,958
2016,spending,—\”õ”ï,Îo,80000
2016,spending,Îo,,69992000
2015,revenue,s–¯Å,sÅ,15777657
2015,revenue,ŒÂl,s–¯Å,14293091
2015,revenue,–@l,s–¯Å,1484566
2015,revenue,ŒÅ’è‘YÅ,sÅ,11323850
2015,revenue,Œy©“®ÔÅ,sÅ,94121
2015,revenue,s‚½‚Î‚±Å,sÅ,973510
2015,revenue,“ssŒv‰æÅ,sÅ,2369846
2015,revenue,sÅ,Î“ü,30538984
2015,revenue,’n•ûŠö”­–û÷—^Å,’n•û÷—^Å,80000
2015,revenue,©“®Ôd—Ê÷—^Å,’n•û÷—^Å,173000
2015,revenue,X—ÑŠÂ‹«÷—^Å,’n•û÷—^Å,0
2015,revenue,’n•û÷—^Å,Î“ü,253000
2015,revenue,—˜qŠ„Œğ•t‹à,Œğ•t‹à,194000
2015,revenue,”z“–Š„Œğ•t‹à,Œğ•t‹à,394000
2015,revenue,Š”®“™÷“nŠ“¾Š„Œğ•t‹à,Œğ•t‹à,243000
2015,revenue,–@l–‹ÆÅŒğ•t‹à,Œğ•t‹à,0
2015,revenue,’n•ûÁ”ïÅŒğ•t‹à,Œğ•t‹à,3960000
2015,revenue,©“®Ôæ“¾ÅŒğ•t‹à,Œğ•t‹à,100000
2015,revenue,’n•û“Á—áŒğ•t‹à,Œğ•t‹à,141000
2015,revenue,’n•ûŒğ•tÅ,Î“ü,3564000
2015,revenue,Œğ’ÊˆÀ‘S‘Îô“Á•ÊŒğ•t‹à,Œğ•t‹à,19000
2015,revenue,Œğ•t‹à,Î“ü,5051000
2015,revenue,•‰’S‹à,Î“ü,942956
2015,revenue,g—p—¿,g—p—¿‹y‚Ñè”—¿,240480
2015,revenue,è”—¿,g—p—¿‹y‚Ñè”—¿,419182
2015,revenue,g—p—¿‹y‚Ñè”—¿,Î“ü,659662
2015,revenue,‘ŒÉ•‰’S‹à,‘ŒÉxo‹à,9821602
2015,revenue,‘ŒÉ•â•‹à,‘ŒÉxo‹à,1466204
2015,revenue,ˆÏ‘õ‹à,‘ŒÉxo‹à,53045
2015,revenue,‘ŒÉxo‹à,Î“ü,11340851
2015,revenue,“s•‰’S‹à,“sxo‹à,2843089
2015,revenue,“s•â•‹à,“sxo‹à,5040556
2015,revenue,ˆÏ‘õ‹à,“sxo‹à,461893
2015,revenue,“sxo‹à,Î“ü,8345538
2015,revenue,àY‰^—pû“ü,àYû“ü,40926
2015,revenue,àY”„‹pû“ü,àYû“ü,462169
2015,revenue,àYû“ü,Î“ü,503095
2015,revenue,Šñ•t‹à,Î“ü,2
2015,revenue,“Á•Ê‰ïŒvŒJ“ü‹à,ŒJ“ü‹à,4
2015,revenue,Šî‹àŒJ“ü‹à,ŒJ“ü‹à,4086327
2015,revenue,ŒJ“ü‹à,Î“ü,4086331
2015,revenue,ŒJ‰z‹à,Î“ü,500000
2015,revenue,‰„‘Ø‹à‰ÁZ‹à‹y‚Ñ‰ß—¿,”û“ü,40000
2015,revenue,s—a‹à—˜q,”û“ü,640
2015,revenue,‘İ•t‹àŒ³‹àû“ü,”û“ü,6593
2015,revenue,ó‘õ–‹Æû“ü,”û“ü,4061
2015,revenue,G“ü,”û“ü,531687
2015,revenue,”û“ü,Î“ü,582981
2015,revenue,sÂ,Î“ü,9902600
2015,revenue,Î“ü,,76271000
2015,spending,‹c‰ï”ï,Îo,506379
2015,spending,‘–±ŠÇ—”ï,‘–±”ï,5658711
2015,spending,’¥Å”ï,‘–±”ï,779796
2015,spending,ŒËĞZ–¯Šî–{‘ä’ ”ï,‘–±”ï,542386
2015,spending,‘I‹“”ï,‘–±”ï,50912
2015,spending,“Œv’²¸”ï,‘–±”ï,139856
2015,spending,ŠÄ¸ˆÏˆõ”ï,‘–±”ï,54925
2015,spending,‘–±”ï,Îo,7226586
2015,spending,Ğ‰ï•Ÿƒ”ï,–¯¶”ï,14691306
2015,spending,™“¶•Ÿƒ”ï,–¯¶”ï,13256149
2015,spending,¶Šˆ•ÛŒì”ï,–¯¶”ï,7620451
2015,spending,–¯¶”ï,Îo,35567906
2015,spending,•ÛŒ’‰q¶”ï,‰q¶”ï,1875384
2015,spending,´‘|”ï,‰q¶”ï,3058055
2015,spending,‰q¶”ï,Îo,4933439
2015,spending,˜J“­””ï,˜J“­”ï,11619
2015,spending,˜J“­”ï,Îo,11619
2015,spending,”_‹Æ”ï,”_—Ñ”ï,95022
2015,spending,”_—Ñ”ï,Îo,95022
2015,spending,¤H”ï,Îo,222682
2015,spending,“y–ØŠÇ—”ï,“y–Ø”ï,406326
2015,spending,“¹˜H‹´—À”ï,“y–Ø”ï,1172091
2015,spending,‰Íì”ï,“y–Ø”ï,7602
2015,spending,“ssŒv‰æ”ï,“y–Ø”ï,4550364
2015,spending,Z‘î”ï,“y–Ø”ï,825187
2015,spending,“y–Ø”ï,Îo,6961570
2015,spending,Á–h”ï,Îo,2503351
2015,spending,‹³ˆç‘–±”ï,‹³ˆç”ï,1038274
2015,spending,¬ŠwZ”ï,‹³ˆç”ï,2765146
2015,spending,’†ŠwZ”ï,‹³ˆç”ï,4639218
2015,spending,—c’t‰€”ï,‹³ˆç”ï,659235
2015,spending,Ğ‰ï‹³ˆç”ï,‹³ˆç”ï,2169897
2015,spending,•ÛŒ’‘Ìˆç”ï,‹³ˆç”ï,474463
2015,spending,‹³ˆç”ï,Îo,11746233
2015,spending,ŒöÂ”ï,Îo,6414290
2015,spending,“y’nŠJ”­Šî‹à”ï,”xo‹à,29
2015,spending,à­’²®Šî‹à”ï,”xo‹à,894
2015,spending,”xo‹à,Îo,923
2015,spending,—\”õ”ï,Îo,80000
2015,spending,Îo,,76270000
2014,revenue,s–¯Å,sÅ,16057171
2014,revenue,ŒÂl,s–¯Å,14238
2014,revenue,–@l,s–¯Å,1818310
2014,revenue,ŒÅ’è‘YÅ,sÅ,11148662
2014,revenue,Œy©“®ÔÅ,sÅ,75513
2014,revenue,s‚½‚Î‚±Å,sÅ,938585
2014,revenue,“ssŒv‰æÅ,sÅ,2529630
2014,revenue,sÅ,Î“ü,16524938
2014,revenue,’n•ûŠö”­–û÷—^Å,’n•û÷—^Å,76000
2014,revenue,©“®Ôd—Ê÷—^Å,’n•û÷—^Å,185000
2014,revenue,X—ÑŠÂ‹«÷—^Å,’n•û÷—^Å,0
2014,revenue,’n•û÷—^Å,Î“ü,261000
2014,revenue,—˜qŠ„Œğ•t‹à,Œğ•t‹à,214000
2014,revenue,”z“–Š„Œğ•t‹à,Œğ•t‹à,224000
2014,revenue,Š”®“™÷“nŠ“¾Š„Œğ•t‹à,Œğ•t‹à,184000
2014,revenue,–@l–‹ÆÅŒğ•t‹à,Œğ•t‹à,0
2014,revenue,’n•ûÁ”ïÅŒğ•t‹à,Œğ•t‹à,2361000
2014,revenue,©“®Ôæ“¾ÅŒğ•t‹à,Œğ•t‹à,84000
2014,revenue,’n•û“Á—áŒğ•t‹à,Œğ•t‹à,156000
2014,revenue,’n•ûŒğ•tÅ,Î“ü,3568000
2014,revenue,Œğ’ÊˆÀ‘S‘Îô“Á•ÊŒğ•t‹à,Œğ•t‹à,18000
2014,revenue,Œğ•t‹à,Î“ü,3241000
2014,revenue,•‰’S‹à,Î“ü,700272
2014,revenue,g—p—¿,g—p—¿‹y‚Ñè”—¿,225034
2014,revenue,è”—¿,g—p—¿‹y‚Ñè”—¿,422549
2014,revenue,g—p—¿‹y‚Ñè”—¿,Î“ü,647583
2014,revenue,‘ŒÉ•‰’S‹à,‘ŒÉxo‹à,9303643
2014,revenue,‘ŒÉ•â•‹à,‘ŒÉxo‹à,1540770
2014,revenue,ˆÏ‘õ‹à,‘ŒÉxo‹à,53987
2014,revenue,‘ŒÉxo‹à,Î“ü,10898400
2014,revenue,“s•‰’S‹à,“sxo‹à,2583011
2014,revenue,“s•â•‹à,“sxo‹à,5158752
2014,revenue,ˆÏ‘õ‹à,“sxo‹à,368200
2014,revenue,“sxo‹à,Î“ü,8109963
2014,revenue,àY‰^—pû“ü,àYû“ü,37004
2014,revenue,àY”„‹pû“ü,àYû“ü,861017
2014,revenue,àYû“ü,Î“ü,898021
2014,revenue,Šñ•t‹à,Î“ü,2
2014,revenue,“Á•Ê‰ïŒvŒJ“ü‹à,ŒJ“ü‹à,5
2014,revenue,Šî‹àŒJ“ü‹à,ŒJ“ü‹à,4159933
2014,revenue,ŒJ“ü‹à,Î“ü,4159938
2014,revenue,ŒJ‰z‹à,Î“ü,500000
2014,revenue,‰„‘Ø‹à‰ÁZ‹à‹y‚Ñ‰ß—¿,”û“ü,40000
2014,revenue,s—a‹à—˜q,”û“ü,600
2014,revenue,‘İ•t‹àŒ³‹àû“ü,”û“ü,10528
2014,revenue,ó‘õ–‹Æû“ü,”û“ü,28700
2014,revenue,G“ü,”û“ü,673632
2014,revenue,”û“ü,Î“ü,753460
2014,revenue,sÂ,Î“ü,5317800
2014,revenue,Î“ü,,55580377
2014,spending,‹c‰ï”ï,Îo,484832
2014,spending,‘–±ŠÇ—”ï,‘–±”ï,5596943
2014,spending,’¥Å”ï,‘–±”ï,783199
2014,spending,ŒËĞZ–¯Šî–{‘ä’ ”ï,‘–±”ï,461986
2014,spending,‘I‹“”ï,‘–±”ï,149335
2014,spending,“Œv’²¸”ï,‘–±”ï,40851
2014,spending,ŠÄ¸ˆÏˆõ”ï,‘–±”ï,54527
2014,spending,‘–±”ï,Îo,7086841
2014,spending,Ğ‰ï•Ÿƒ”ï,–¯¶”ï,14192295
2014,spending,™“¶•Ÿƒ”ï,–¯¶”ï,12737148
2014,spending,¶Šˆ•ÛŒì”ï,–¯¶”ï,7562449
2014,spending,–¯¶”ï,Îo,34491892
2014,spending,•ÛŒ’‰q¶”ï,‰q¶”ï,1935953
2014,spending,´‘|”ï,‰q¶”ï,3122664
2014,spending,‰q¶”ï,Îo,5058617
2014,spending,˜J“­””ï,˜J“­”ï,7779
2014,spending,˜J“­”ï,Îo,7779
2014,spending,”_‹Æ”ï,”_—Ñ”ï,98331
2014,spending,”_—Ñ”ï,Îo,98331
2014,spending,¤H”ï,Îo,278702
2014,spending,“y–ØŠÇ—”ï,“y–Ø”ï,420890
2014,spending,“¹˜H‹´—À”ï,“y–Ø”ï,1194572
2014,spending,‰Íì”ï,“y–Ø”ï,8884
2014,spending,“ssŒv‰æ”ï,“y–Ø”ï,3796347
2014,spending,Z‘î”ï,“y–Ø”ï,756353
2014,spending,“y–Ø”ï,Îo,6177046
2014,spending,Á–h”ï,Îo,2513296
2014,spending,‹³ˆç‘–±”ï,‹³ˆç”ï,1001706
2014,spending,¬ŠwZ”ï,‹³ˆç”ï,2524520
2014,spending,’†ŠwZ”ï,‹³ˆç”ï,917708
2014,spending,—c’t‰€”ï,‹³ˆç”ï,648138
2014,spending,Ğ‰ï‹³ˆç”ï,‹³ˆç”ï,1042151
2014,spending,•ÛŒ’‘Ìˆç”ï,‹³ˆç”ï,461574
2014,spending,‹³ˆç”ï,Îo,6595797
2014,spending,ŒöÂ”ï,Îo,6930971
2014,spending,“y’nŠJ”­Šî‹à”ï,”xo‹à,29
2014,spending,à­’²®Šî‹à”ï,”xo‹à,867
2014,spending,”xo‹à,Îo,896
2014,spending,—\”õ”ï,Îo,80000
2014,spending,Îo,,69805000
2013,revenue,s–¯Å,sÅ,15365103
2013,revenue,ŒÂl,s–¯Å,14005470
2013,revenue,–@l,s–¯Å,1359633
2013,revenue,ŒÅ’è‘YÅ,sÅ,10883829
2013,revenue,Œy©“®ÔÅ,sÅ,75368
2013,revenue,s‚½‚Î‚±Å,sÅ,995081
2013,revenue,“ssŒv‰æÅ,sÅ,2486590
2013,revenue,sÅ,Î“ü,29805971
2013,revenue,’n•ûŠö”­–û÷—^Å,’n•û÷—^Å,83000
2013,revenue,©“®Ôd—Ê÷—^Å,’n•û÷—^Å,188000
2013,revenue,X—ÑŠÂ‹«÷—^Å,’n•û÷—^Å,0
2013,revenue,’n•û÷—^Å,Î“ü,271000
2013,revenue,—˜qŠ„Œğ•t‹à,Œğ•t‹à,173000
2013,revenue,”z“–Š„Œğ•t‹à,Œğ•t‹à,97000
2013,revenue,Š”®“™÷“nŠ“¾Š„Œğ•t‹à,Œğ•t‹à,21000
2013,revenue,’n•ûÁ”ïÅŒğ•t‹à,Œğ•t‹à,1716000
2013,revenue,©“®Ôæ“¾ÅŒğ•t‹à,Œğ•t‹à,156001
2013,revenue,’n•û“Á—áŒğ•t‹à,Œğ•t‹à,174000
2013,revenue,’n•ûŒğ•tÅ,Î“ü,4447000
2013,revenue,Œğ’ÊˆÀ‘S‘Îô“Á•ÊŒğ•t‹à,Œğ•t‹à,20000
2013,revenue,Œğ•t‹à,Î“ü,2357001
2013,revenue,•‰’S‹à,Î“ü,810390
2013,revenue,g—p—¿,g—p—¿‹y‚Ñè”—¿,666491
2013,revenue,è”—¿,g—p—¿‹y‚Ñè”—¿,443731
2013,revenue,g—p—¿‹y‚Ñè”—¿,Î“ü,1110222
2013,revenue,‘ŒÉ•‰’S‹à,‘ŒÉxo‹à,9053402
2013,revenue,‘ŒÉ•â•‹à,‘ŒÉxo‹à,849513
2013,revenue,ˆÏ‘õ‹à,‘ŒÉxo‹à,54329
2013,revenue,‘ŒÉxo‹à,Î“ü,9957244
2013,revenue,“s•‰’S‹à,“sxo‹à,2453681
2013,revenue,“s•â•‹à,“sxo‹à,5014502
2013,revenue,ˆÏ‘õ‹à,“sxo‹à,494766
2013,revenue,“sxo‹à,Î“ü,7962949
2013,revenue,àY‰^—pû“ü,àYû“ü,37318
2013,revenue,àY”„‹pû“ü,àYû“ü,624037
2013,revenue,àYû“ü,Î“ü,661355
2013,revenue,Šñ•t‹à,Î“ü,2
2013,revenue,“Á•Ê‰ïŒvŒJ“ü‹à,ŒJ“ü‹à,5
2013,revenue,Šî‹àŒJ“ü‹à,ŒJ“ü‹à,3647666
2013,revenue,ŒJ“ü‹à,Î“ü,3647671
2013,revenue,ŒJ‰z‹à,Î“ü,500000
2013,revenue,‰„‘Ø‹à‰ÁZ‹à‹y‚Ñ‰ß—¿,”û“ü,40000
2013,revenue,s—a‹à—˜q,”û“ü,640
2013,revenue,‘İ•t‹àŒ³‹àû“ü,”û“ü,9975
2013,revenue,ó‘õ–‹Æû“ü,”û“ü,52600
2013,revenue,G“ü,”û“ü,620811
2013,revenue,”û“ü,Î“ü,724026
2013,revenue,sÂ,Î“ü,5790900
2013,revenue,Î“ü,,68045731
2013,spending,‹c‰ï”ï,Îo,481010
2013,spending,‘–±ŠÇ—”ï,‘–±”ï,5000328
2013,spending,’¥Å”ï,‘–±”ï,799949
2013,spending,ŒËĞZ–¯Šî–{‘ä’ ”ï,‘–±”ï,455025
2013,spending,‘I‹“”ï,‘–±”ï,182372
2013,spending,“Œv’²¸”ï,‘–±”ï,35448
2013,spending,ŠÄ¸ˆÏˆõ”ï,‘–±”ï,54771
2013,spending,‘–±”ï,Îo,6527893
2013,spending,Ğ‰ï•Ÿƒ”ï,–¯¶”ï,13555731
2013,spending,™“¶•Ÿƒ”ï,–¯¶”ï,11808653
2013,spending,¶Šˆ•ÛŒì”ï,–¯¶”ï,7329437
2013,spending,–¯¶”ï,Îo,32693821
2013,spending,•ÛŒ’‰q¶”ï,‰q¶”ï,2011868
2013,spending,´‘|”ï,‰q¶”ï,3101246
2013,spending,‰q¶”ï,Îo,5113114
2013,spending,˜J“­””ï,˜J“­”ï,14025
2013,spending,˜J“­”ï,Îo,14025
2013,spending,”_‹Æ”ï,”_—Ñ”ï,95752
2013,spending,”_—Ñ”ï,Îo,95752
2013,spending,¤H”ï,Îo,261847
2013,spending,“y–ØŠÇ—”ï,“y–Ø”ï,420580
2013,spending,“¹˜H‹´—À”ï,“y–Ø”ï,1472821
2013,spending,‰Íì”ï,“y–Ø”ï,11194
2013,spending,“ssŒv‰æ”ï,“y–Ø”ï,4256773
2013,spending,Z‘î”ï,“y–Ø”ï,242136
2013,spending,“y–Ø”ï,Îo,6403504
2013,spending,Á–h”ï,Îo,2428133
2013,spending,‹³ˆç‘–±”ï,‹³ˆç”ï,985084
2013,spending,¬ŠwZ”ï,‹³ˆç”ï,2643193
2013,spending,’†ŠwZ”ï,‹³ˆç”ï,913281
2013,spending,—c’t‰€”ï,‹³ˆç”ï,560664
2013,spending,Ğ‰ï‹³ˆç”ï,‹³ˆç”ï,1053816
2013,spending,•ÛŒ’‘Ìˆç”ï,‹³ˆç”ï,568765
2013,spending,‹³ˆç”ï,Îo,6724803
2013,spending,ŒöÂ”ï,Îo,6777075
2013,spending,“y’nŠJ”­Šî‹à”ï,”xo‹à,29
2013,spending,à­’²®Šî‹à”ï,”xo‹à,994
2013,spending,”xo‹à,Îo,1023
2013,spending,—\”õ”ï,Îo,80000
2013,spending,Îo,,67602000
2012,revenue,s–¯Å,sÅ,15456828
2012,revenue,ŒÂl,s–¯Å,14066776
2012,revenue,–@l,s–¯Å,1580449
2012,revenue,ŒÅ’è‘YÅ,sÅ,10574740
2012,revenue,Œy©“®ÔÅ,sÅ,76499
2012,revenue,s‚½‚Î‚±Å,sÅ,904506
2012,revenue,“ssŒv‰æÅ,sÅ,2426321
2012,revenue,sÅ,Î“ü,29629291
2012,revenue,’n•ûŠö”­–û÷—^Å,’n•û÷—^Å,76000
2012,revenue,©“®Ôd—Ê÷—^Å,’n•û÷—^Å,194000
2012,revenue,X—ÑŠÂ‹«÷—^Å,’n•û÷—^Å,0
2012,revenue,’n•û÷—^Å,Î“ü,270000
2012,revenue,—˜qŠ„Œğ•t‹à,Œğ•t‹à,196000
2012,revenue,”z“–Š„Œğ•t‹à,Œğ•t‹à,73000
2012,revenue,Š”®“™÷“nŠ“¾Š„Œğ•t‹à,Œğ•t‹à,48000
2012,revenue,–@l–‹ÆÅŒğ•t‹à,Œğ•t‹à,0
2012,revenue,’n•ûÁ”ïÅŒğ•t‹à,Œğ•t‹à,1772000
2012,revenue,©“®Ôæ“¾ÅŒğ•t‹à,Œğ•t‹à,219000
2012,revenue,’n•û“Á—áŒğ•t‹à,Œğ•t‹à,258000
2012,revenue,’n•ûŒğ•tÅ,Î“ü,4745700
2012,revenue,Œğ’ÊˆÀ‘S‘Îô“Á•ÊŒğ•t‹à,Œğ•t‹à,22000
2012,revenue,Œğ•t‹à,Î“ü,2588000
2012,revenue,•‰’S‹à,Î“ü,865467
2012,revenue,g—p—¿,g—p—¿‹y‚Ñè”—¿,216885
2012,revenue,è”—¿,g—p—¿‹y‚Ñè”—¿,413666
2012,revenue,g—p—¿‹y‚Ñè”—¿,Î“ü,630551
2012,revenue,‘ŒÉ•‰’S‹à,‘ŒÉxo‹à,9194079
2012,revenue,‘ŒÉ•â•‹à,‘ŒÉxo‹à,815872
2012,revenue,ˆÏ‘õ‹à,‘ŒÉxo‹à,76032
2012,revenue,‘ŒÉxo‹à,Î“ü,10085983
2012,revenue,“s•‰’S‹à,“sxo‹à,2275957
2012,revenue,“s•â•‹à,“sxo‹à,4725382
2012,revenue,ˆÏ‘õ‹à,“sxo‹à,355171
2012,revenue,“sxo‹à,Î“ü,7356510
2012,revenue,àY‰^—pû“ü,àYû“ü,31757
2012,revenue,àY”„‹pû“ü,àYû“ü,425727
2012,revenue,àYû“ü,Î“ü,457484
2012,revenue,Šñ•t‹à,Î“ü,2
2012,revenue,“Á•Ê‰ïŒvŒJ“ü‹à,ŒJ“ü‹à,4
2012,revenue,Šî‹àŒJ“ü‹à,ŒJ“ü‹à,1523317
2012,revenue,ŒJ“ü‹à,Î“ü,1523321
2012,revenue,ŒJ‰z‹à,Î“ü,500000
2012,revenue,‰„‘Ø‹à‰ÁZ‹à‹y‚Ñ‰ß—¿,”û“ü,40000
2012,revenue,s—a‹à—˜q,”û“ü,671
2012,revenue,‘İ•t‹àŒ³‹àû“ü,”û“ü,7838
2012,revenue,ó‘õ–‹Æû“ü,”û“ü,278747
2012,revenue,G“ü,”û“ü,584190
2012,revenue,”û“ü,Î“ü,911446
2012,revenue,sÂ,Î“ü,5121000
2012,revenue,Î“ü,,64684755
2012,spending,‹c‰ï”ï,Îo,493594
2012,spending,‘–±ŠÇ—”ï,‘–±”ï,4964531
2012,spending,’¥Å”ï,‘–±”ï,814515
2012,spending,ŒËĞZ–¯Šî–{‘ä’ ”ï,‘–±”ï,476189
2012,spending,‘I‹“”ï,‘–±”ï,113672
2012,spending,“Œv’²¸”ï,‘–±”ï,30630
2012,spending,ŠÄ¸ˆÏˆõ”ï,‘–±”ï,54338
2012,spending,‘–±”ï,Îo,6453875
2012,spending,Ğ‰ï•Ÿƒ”ï,–¯¶”ï,13288641
2012,spending,™“¶•Ÿƒ”ï,–¯¶”ï,12145201
2012,spending,¶Šˆ•ÛŒì”ï,–¯¶”ï,7295777
2012,spending,–¯¶”ï,Îo,32729619
2012,spending,•ÛŒ’‰q¶”ï,‰q¶”ï,1998907
2012,spending,´‘|”ï,‰q¶”ï,3199707
2012,spending,‰q¶”ï,Îo,5198614
2012,spending,˜J“­””ï,˜J“­”ï,15319
2012,spending,˜J“­”ï,Îo,15319
2012,spending,”_‹Æ”ï,”_—Ñ”ï,117363
2012,spending,”_—Ñ”ï,Îo,117363
2012,spending,¤H”ï,Îo,239611
2012,spending,“y–ØŠÇ—”ï,“y–Ø”ï,448413
2012,spending,“¹˜H‹´—À”ï,“y–Ø”ï,2117892
2012,spending,‰Íì”ï,“y–Ø”ï,18407
2012,spending,“ssŒv‰æ”ï,“y–Ø”ï,5753318
2012,spending,Z‘î”ï,“y–Ø”ï,227610
2012,spending,“y–Ø”ï,Îo,8565640
2012,spending,Á–h”ï,Îo,2492857
2012,spending,‹³ˆç‘–±”ï,‹³ˆç”ï,966601
2012,spending,¬ŠwZ”ï,‹³ˆç”ï,2424829
2012,spending,’†ŠwZ”ï,‹³ˆç”ï,1281625
2012,spending,—c’t‰€”ï,‹³ˆç”ï,526236
2012,spending,Ğ‰ï‹³ˆç”ï,‹³ˆç”ï,1001855
2012,spending,•ÛŒ’‘Ìˆç”ï,‹³ˆç”ï,556531
2012,spending,‹³ˆç”ï,Îo,6757677
2012,spending,ŒöÂ”ï,Îo,6379124
2012,spending,“y’nŠJ”­Šî‹à”ï,”xo‹à,35
2012,spending,à­’²®Šî‹à”ï,”xo‹à,867
2012,spending,”xo‹à,Îo,902
2012,spending,—\”õ”ï,Îo,80000
2012,spending,Îo,,69524195
2011,revenue,s–¯Å,sÅ,15293641
2011,revenue,ŒÂl,s–¯Å,14006868
2011,revenue,–@l,s–¯Å,1286773
2011,revenue,ŒÅ’è‘YÅ,sÅ,10957918
2011,revenue,Œy©“®ÔÅ,sÅ,76603
2011,revenue,s‚½‚Î‚±Å,sÅ,828674
2011,revenue,“ssŒv‰æÅ,sÅ,2426321
2011,revenue,sÅ,Î“ü,29583157
2011,revenue,’n•ûŠö”­–û÷—^Å,’n•û÷—^Å,79000
2011,revenue,©“®Ôd—Ê÷—^Å,’n•û÷—^Å,201000
2011,revenue,X—ÑŠÂ‹«÷—^Å,’n•û÷—^Å,0
2011,revenue,’n•û÷—^Å,Î“ü,280000
2011,revenue,—˜qŠ„Œğ•t‹à,Œğ•t‹à,196000
2011,revenue,”z“–Š„Œğ•t‹à,Œğ•t‹à,73000
2011,revenue,Š”®“™÷“nŠ“¾Š„Œğ•t‹à,Œğ•t‹à,48000
2011,revenue,’n•ûÁ”ïÅŒğ•t‹à,Œğ•t‹à,1772000
2011,revenue,©“®Ôæ“¾ÅŒğ•t‹à,Œğ•t‹à,171001
2011,revenue,’n•û“Á—áŒğ•t‹à,Œğ•t‹à,354000
2011,revenue,’n•ûŒğ•tÅ,Î“ü,5180000
2011,revenue,Œğ’ÊˆÀ‘S‘Îô“Á•ÊŒğ•t‹à,Œğ•t‹à,23000
2011,revenue,Œğ•t‹à,Î“ü,2637001
2011,revenue,•‰’S‹à,Î“ü,1162798
2011,revenue,g—p—¿,g—p—¿‹y‚Ñè”—¿,216816
2011,revenue,è”—¿,g—p—¿‹y‚Ñè”—¿,383122
2011,revenue,g—p—¿‹y‚Ñè”—¿,Î“ü,599938
2011,revenue,‘ŒÉ•‰’S‹à,‘ŒÉxo‹à,9262275
2011,revenue,‘ŒÉ•â•‹à,‘ŒÉxo‹à,745286
2011,revenue,ˆÏ‘õ‹à,‘ŒÉxo‹à,110846
2011,revenue,‘ŒÉxo‹à,Î“ü,10118407
2011,revenue,“s•‰’S‹à,“sxo‹à,2176076
2011,revenue,“s•â•‹à,“sxo‹à,4689493
2011,revenue,ˆÏ‘õ‹à,“sxo‹à,408453
2011,revenue,“sxo‹à,Î“ü,7274022
2011,revenue,àY‰^—pû“ü,àYû“ü,31912
2011,revenue,àY”„‹pû“ü,àYû“ü,316213
2011,revenue,àYû“ü,Î“ü,348125
2011,revenue,Šñ•t‹à,Î“ü,2
2011,revenue,“Á•Ê‰ïŒvŒJ“ü‹à,ŒJ“ü‹à,4495
2011,revenue,Šî‹àŒJ“ü‹à,ŒJ“ü‹à,3253398
2011,revenue,ŒJ“ü‹à,Î“ü,3257893
2011,revenue,ŒJ‰z‹à,Î“ü,500000
2011,revenue,‰„‘Ø‹à‰ÁZ‹à‹y‚Ñ‰ß—¿,”û“ü,30000
2011,revenue,s—a‹à—˜q,”û“ü,671
2011,revenue,‘İ•t‹àŒ³‹àû“ü,”û“ü,8300
2011,revenue,ó‘õ–‹Æû“ü,”û“ü,234198
2011,revenue,G“ü,”û“ü,673151
2011,revenue,”û“ü,Î“ü,946320
2011,revenue,sÂ,Î“ü,6840100
2011,revenue,Î“ü,,68727763
2011,spending,‹c‰ï”ï,Îo,561713
2011,spending,‘–±ŠÇ—”ï,‘–±”ï,5739677
2011,spending,’¥Å”ï,‘–±”ï,787821
2011,spending,ŒËĞZ–¯Šî–{‘ä’ ”ï,‘–±”ï,518406
2011,spending,‘I‹“”ï,‘–±”ï,96441
2011,spending,“Œv’²¸”ï,‘–±”ï,36332
2011,spending,ŠÄ¸ˆÏˆõ”ï,‘–±”ï,57217
2011,spending,‘–±”ï,Îo,7235894
2011,spending,Ğ‰ï•Ÿƒ”ï,–¯¶”ï,12134371
2011,spending,™“¶•Ÿƒ”ï,–¯¶”ï,12413303
2011,spending,¶Šˆ•ÛŒì”ï,–¯¶”ï,6454300
2011,spending,–¯¶”ï,Îo,31001974
2011,spending,•ÛŒ’‰q¶”ï,‰q¶”ï,1940881
2011,spending,´‘|”ï,‰q¶”ï,3201491
2011,spending,‰q¶”ï,Îo,5142372
2011,spending,˜J“­””ï,˜J“­”ï,15770
2011,spending,˜J“­”ï,Îo,15770
2011,spending,”_‹Æ”ï,”_—Ñ”ï,99519
2011,spending,”_—Ñ”ï,Îo,99519
2011,spending,¤H”ï,Îo,299543
2011,spending,“y–ØŠÇ—”ï,“y–Ø”ï,481599
2011,spending,“¹˜H‹´—À”ï,“y–Ø”ï,1262974
2011,spending,‰Íì”ï,“y–Ø”ï,11048
2011,spending,“ssŒv‰æ”ï,“y–Ø”ï,6647243
2011,spending,Z‘î”ï,“y–Ø”ï,91591
2011,spending,“y–Ø”ï,Îo,8494455
2011,spending,Á–h”ï,Îo,2579774
2011,spending,‹³ˆç‘–±”ï,‹³ˆç”ï,986354
2011,spending,¬ŠwZ”ï,‹³ˆç”ï,2005200
2011,spending,’†ŠwZ”ï,‹³ˆç”ï,2078533
2011,spending,—c’t‰€”ï,‹³ˆç”ï,498266
2011,spending,Ğ‰ï‹³ˆç”ï,‹³ˆç”ï,1002883
2011,spending,•ÛŒ’‘Ìˆç”ï,‹³ˆç”ï,714332
2011,spending,‹³ˆç”ï,Îo,7285568
2011,spending,ŒöÂ”ï,Îo,5836516
2011,spending,“y’nŠJ”­Šî‹à”ï,”xo‹à,35
2011,spending,à­’²®Šî‹à”ï,”xo‹à,867
2011,spending,”xo‹à,Îo,902
2011,spending,—\”õ”ï,Îo,80000
2011,spending,Îo,,68634000
2010,revenue,s–¯Å,sÅ,14599700
2010,revenue,ŒÂl,s–¯Å,13757067
2010,revenue,–@l,s–¯Å,842633
2010,revenue,ŒÅ’è‘YÅ,sÅ,10876496
2010,revenue,Œy©“®ÔÅ,sÅ,77008
2010,revenue,s‚½‚Î‚±Å,sÅ,890995
2010,revenue,“ssŒv‰æÅ,sÅ,2311684
2010,revenue,sÅ,Î“ü,28755883
2010,revenue,’n•ûŠö”­–û÷—^Å,’n•û÷—^Å,79000
2010,revenue,©“®Ôd—Ê÷—^Å,’n•û÷—^Å,210000
2010,revenue,X—ÑŠÂ‹«÷—^Å,’n•û÷—^Å,0
2010,revenue,’n•û÷—^Å,Î“ü,289000
2010,revenue,—˜qŠ„Œğ•t‹à,Œğ•t‹à,165000
2010,revenue,”z“–Š„Œğ•t‹à,Œğ•t‹à,60000
2010,revenue,Š”®“™÷“nŠ“¾Š„Œğ•t‹à,Œğ•t‹à,34000
2010,revenue,–@l–‹ÆÅŒğ•t‹à,Œğ•t‹à,0
2010,revenue,’n•ûÁ”ïÅŒğ•t‹à,Œğ•t‹à,1762000
2010,revenue,©“®Ôæ“¾ÅŒğ•t‹à,Œğ•t‹à,114000
2010,revenue,’n•û“Á—áŒğ•t‹à,Œğ•t‹à,451000
2010,revenue,’n•ûŒğ•tÅ,Î“ü,3670000
2010,revenue,Œğ’ÊˆÀ‘S‘Îô“Á•ÊŒğ•t‹à,Œğ•t‹à,26000
2010,revenue,Œğ•t‹à,Î“ü,2612000
2010,revenue,•‰’S‹à,Î“ü,542574
2010,revenue,g—p—¿‹y‚Ñè”—¿,Î“ü,766576
2010,revenue,‘ŒÉxo‹à,Î“ü,8687510
2010,revenue,“sxo‹à,Î“ü,7283975
2010,revenue,àYû“ü,Î“ü,102863
2010,revenue,Šñ•t‹à,Î“ü,2
2010,revenue,ŒJ“ü‹à,Î“ü,4580993
2010,revenue,ŒJ‰z‹à,Î“ü,500000
2010,revenue,”û“ü,Î“ü,829223
2010,revenue,sÂ,Î“ü,9075400
2010,revenue,Î“ü,,67695999
2010,spending,‹c‰ï”ï,Îo,454520
2010,spending,‘–±”ï,Îo,7091528
2010,spending,–¯¶”ï,Îo,31815044
2010,spending,‰q¶”ï,Îo,4984874
2010,spending,˜J“­””ï,˜J“­”ï,116447
2010,spending,˜J“­”ï,Îo,116447
2010,spending,”_‹Æ”ï,”_—Ñ”ï,76545
2010,spending,”_—Ñ”ï,Îo,76545
2010,spending,¤H”ï,Îo,293392
2010,spending,“y–Ø”ï,Îo,8769965
2010,spending,Á–h”ï,Îo,2489381
2010,spending,‹³ˆç”ï,Îo,6022794
2010,spending,ŒöÂ”ï,Îo,5500328
2010,spending,”xo‹à,Îo,1182
2010,spending,—\”õ”ï,Îo,80000
2010,spending,Îo,,67696000
2009,revenue,s–¯Å,sÅ,16666944
2009,revenue,ŒÂl,s–¯Å,15155791
2009,revenue,–@l,s–¯Å,1511153
2009,revenue,ŒÅ’è‘YÅ,sÅ,10740602
2009,revenue,Œy©“®ÔÅ,sÅ,75482
2009,revenue,s‚½‚Î‚±Å,sÅ,857303
2009,revenue,“ssŒv‰æÅ,sÅ,2288042
2009,revenue,sÅ,Î“ü,30628373
2009,revenue,’n•ûŠö”­–û÷—^Å,’n•û÷—^Å,51000
2009,revenue,©“®Ôd—Ê÷—^Å,’n•û÷—^Å,229000
2009,revenue,’n•û“¹˜H÷—^Å,’n•û÷—^Å,30000
2009,revenue,’n•û÷—^Å,Î“ü,310000
2009,revenue,—˜qŠ„Œğ•t‹à,Œğ•t‹à,242000
2009,revenue,”z“–Š„Œğ•t‹à,Œğ•t‹à,83000
2009,revenue,Š”®“™÷“nŠ“¾Š„Œğ•t‹à,Œğ•t‹à,32000
2009,revenue,–@l–‹ÆÅŒğ•t‹à,Œğ•t‹à,0
2009,revenue,’n•ûÁ”ïÅŒğ•t‹à,Œğ•t‹à,1987000
2009,revenue,©“®Ôæ“¾ÅŒğ•t‹à,Œğ•t‹à,244000
2009,revenue,’n•û“Á—áŒğ•t‹à,Œğ•t‹à,370000
2009,revenue,’n•ûŒğ•tÅ,Î“ü,2380000
2009,revenue,Œğ’ÊˆÀ‘S‘Îô“Á•ÊŒğ•t‹à,Œğ•t‹à,27000
2009,revenue,Œğ•t‹à,Î“ü,2985000
2009,revenue,•‰’S‹à,Î“ü,649265
2009,revenue,g—p—¿‹y‚Ñè”—¿,Î“ü,814732
2009,revenue,‘ŒÉxo‹à,Î“ü,5362758
2009,revenue,“sxo‹à,Î“ü,6330710
2009,revenue,àYû“ü,Î“ü,483196
2009,revenue,Šñ•t‹à,Î“ü,2
2009,revenue,ŒJ“ü‹à,Î“ü,4284399
2009,revenue,ŒJ‰z‹à,Î“ü,500000
2009,revenue,”û“ü,Î“ü,867965
2009,revenue,sÂ,Î“ü,4991600
2009,revenue,Î“ü,,60588000
2009,spending,‹c‰ï”ï,Îo,467505
2009,spending,‘–±”ï,Îo,7813386
2009,spending,–¯¶”ï,Îo,24880507
2009,spending,‰q¶”ï,Îo,5169748
2009,spending,˜J“­””ï,˜J“­”ï,131521
2009,spending,˜J“­”ï,Îo,131521
2009,spending,”_‹Æ”ï,”_—Ñ”ï,80712
2009,spending,”_—Ñ”ï,Îo,80712
2009,spending,¤H”ï,Îo,203513
2009,spending,“y–Ø”ï,Îo,8011258
2009,spending,Á–h”ï,Îo,2556129
2009,spending,‹³ˆç”ï,Îo,5950880
2009,spending,ŒöÂ”ï,Îo,5237199
2009,spending,”xo‹à,Îo,5642
2009,spending,—\”õ”ï,Îo,80000
2009,spending,Îo,,60588000
2008,revenue,s–¯Å,sÅ,16373232
2008,revenue,ŒÂl,s–¯Å,14837543
2008,revenue,–@l,s–¯Å,1535689
2008,revenue,ŒÅ’è‘YÅ,sÅ,10433651
2008,revenue,Œy©“®ÔÅ,sÅ,75317
2008,revenue,s‚½‚Î‚±Å,sÅ,839498
2008,revenue,“ssŒv‰æÅ,sÅ,2257251
2008,revenue,sÅ,Î“ü,29978949
2008,revenue,’n•ûŠö”­–û÷—^Å,’n•û÷—^Å,0
2008,revenue,©“®Ôd—Ê÷—^Å,’n•û÷—^Å,249000
2008,revenue,’n•û“¹˜H÷—^Å,’n•û÷—^Å,87000
2008,revenue,’n•û÷—^Å,Î“ü,336000
2008,revenue,—˜qŠ„Œğ•t‹à,Œğ•t‹à,408000
2008,revenue,”z“–Š„Œğ•t‹à,Œğ•t‹à,216000
2008,revenue,Š”®“™÷“nŠ“¾Š„Œğ•t‹à,Œğ•t‹à,129000
2008,revenue,–@l–‹ÆÅŒğ•t‹à,Œğ•t‹à,0
2008,revenue,’n•ûÁ”ïÅŒğ•t‹à,Œğ•t‹à,1772000
2008,revenue,©“®Ôæ“¾ÅŒğ•t‹à,Œğ•t‹à,358000
2008,revenue,’n•û“Á—áŒğ•t‹à,Œğ•t‹à,326000
2008,revenue,’n•ûŒğ•tÅ,Î“ü,2480000
2008,revenue,Œğ’ÊˆÀ‘S‘Îô“Á•ÊŒğ•t‹à,Œğ•t‹à,26000
2008,revenue,Œğ•t‹à,Î“ü,3235000
2008,revenue,•‰’S‹à,Î“ü,753306
2008,revenue,g—p—¿‹y‚Ñè”—¿,Î“ü,820022
2008,revenue,‘ŒÉxo‹à,Î“ü,5412385
2008,revenue,“sxo‹à,Î“ü,5895751
2008,revenue,àYû“ü,Î“ü,499465
2008,revenue,Šñ•t‹à,Î“ü,2
2008,revenue,ŒJ“ü‹à,Î“ü,4591830
2008,revenue,ŒJ‰z‹à,Î“ü,500000
2008,revenue,”û“ü,Î“ü,1244090
2008,revenue,sÂ,Î“ü,5383200
2008,revenue,Î“ü,,61130000
2008,spending,‹c‰ï”ï,Îo,473662
2008,spending,‘–±”ï,Îo,7263771
2008,spending,–¯¶”ï,Îo,24182560
2008,spending,‰q¶”ï,Îo,4934253
2008,spending,˜J“­””ï,˜J“­”ï,131537
2008,spending,˜J“­”ï,Îo,131537
2008,spending,”_‹Æ”ï,”_—Ñ”ï,99238
2008,spending,”_—Ñ”ï,Îo,99238
2008,spending,¤H”ï,Îo,179363
2008,spending,“y–Ø”ï,Îo,8959581
2008,spending,Á–h”ï,Îo,2522941
2008,spending,‹³ˆç”ï,Îo,7350164
2008,spending,ŒöÂ”ï,Îo,4941965
2008,spending,”xo‹à,Îo,10965
2008,spending,—\”õ”ï,Îo,80000
2008,spending,Îo,,61130000
2007,revenue,s–¯Å,sÅ,16366771
2007,revenue,ŒÂl,s–¯Å,14694267
2007,revenue,–@l,s–¯Å,1672504
2007,revenue,ŒÅ’è‘YÅ,sÅ,10375784
2007,revenue,Œy©“®ÔÅ,sÅ,72467
2007,revenue,s‚½‚Î‚±Å,sÅ,894915
2007,revenue,“ssŒv‰æÅ,sÅ,2243176
2007,revenue,sÅ,Î“ü,29953113
2007,revenue,’n•ûŠö”­–û÷—^Å,’n•û÷—^Å,0
2007,revenue,©“®Ôd—Ê÷—^Å,’n•û÷—^Å,239000
2007,revenue,’n•û“¹˜H÷—^Å,’n•û÷—^Å,85000
2007,revenue,’n•û÷—^Å,Î“ü,324000
2007,revenue,—˜qŠ„Œğ•t‹à,Œğ•t‹à,248000
2007,revenue,”z“–Š„Œğ•t‹à,Œğ•t‹à,143000
2007,revenue,Š”®“™÷“nŠ“¾Š„Œğ•t‹à,Œğ•t‹à,160000
2007,revenue,’n•ûÁ”ïÅŒğ•t‹à,Œğ•t‹à,1844000
2007,revenue,©“®Ôæ“¾ÅŒğ•t‹à,Œğ•t‹à,398000
2007,revenue,’n•û“Á—áŒğ•t‹à,Œğ•t‹à,294000
2007,revenue,’n•ûŒğ•tÅ,Î“ü,2140000
2007,revenue,Œğ’ÊˆÀ‘S‘Îô“Á•ÊŒğ•t‹à,Œğ•t‹à,30000
2007,revenue,Œğ•t‹à,Î“ü,3117000
2007,revenue,•‰’S‹à,Î“ü,585903
2007,revenue,g—p—¿‹y‚Ñè”—¿,Î“ü,865881
2007,revenue,‘ŒÉxo‹à,Î“ü,4459427
2007,revenue,“sxo‹à,Î“ü,5653606
2007,revenue,àYû“ü,Î“ü,426107
2007,revenue,Šñ•t‹à,Î“ü,1
2007,revenue,ŒJ“ü‹à,Î“ü,4905291
2007,revenue,ŒJ‰z‹à,Î“ü,500000
2007,revenue,”û“ü,Î“ü,2011870
2007,revenue,sÂ,Î“ü,3595800
2007,revenue,Î“ü,,58537999
2007,spending,‹c‰ï”ï,Îo,441430
2007,spending,‘–±”ï,Îo,7249194
2007,spending,–¯¶”ï,Îo,23159557
2007,spending,‰q¶”ï,Îo,4982879
2007,spending,˜J“­””ï,˜J“­”ï,132209
2007,spending,˜J“­”ï,Îo,132209
2007,spending,”_‹Æ”ï,”_—Ñ”ï,88141
2007,spending,”_—Ñ”ï,Îo,88141
2007,spending,¤H”ï,Îo,194539
2007,spending,“y–Ø”ï,Îo,8026442
2007,spending,Á–h”ï,Îo,2533109
2007,spending,‹³ˆç”ï,Îo,6814999
2007,spending,ŒöÂ”ï,Îo,4828131
2007,spending,”xo‹à,Îo,7370
2007,spending,—\”õ”ï,Îo,80000
2007,spending,Îo,,58538000
2006,revenue,s–¯Å,sÅ,14077097
2006,revenue,ŒÂl,s–¯Å,12672706
2006,revenue,–@l,s–¯Å,1404391
2006,revenue,ŒÅ’è‘YÅ,sÅ,10280643
2006,revenue,Œy©“®ÔÅ,sÅ,69914
2006,revenue,s‚½‚Î‚±Å,sÅ,913542
2006,revenue,“ssŒv‰æÅ,sÅ,2219851
2006,revenue,sÅ,Î“ü,27561047
2006,revenue,Š“¾÷—^Å,’n•û÷—^Å,1058000
2006,revenue,©“®Ôd—Ê÷—^Å,’n•û÷—^Å,238000
2006,revenue,’n•û“¹˜H÷—^Å,’n•û÷—^Å,83000
2006,revenue,’n•û÷—^Å,Î“ü,1379000
2006,revenue,—˜qŠ„Œğ•t‹à,Œğ•t‹à,182000
2006,revenue,”z“–Š„Œğ•t‹à,Œğ•t‹à,95000
2006,revenue,Š”®“™÷“nŠ“¾Š„Œğ•t‹à,Œğ•t‹à,90000
2006,revenue,–@l–‹ÆÅŒğ•t‹à,Œğ•t‹à,0
2006,revenue,’n•ûÁ”ïÅŒğ•t‹à,Œğ•t‹à,1876000
2006,revenue,©“®Ôæ“¾ÅŒğ•t‹à,Œğ•t‹à,359000
2006,revenue,’n•û“Á—áŒğ•t‹à,Œğ•t‹à,895000
2006,revenue,’n•ûŒğ•tÅ,Î“ü,1750000
2006,revenue,Œğ’ÊˆÀ‘S‘Îô“Á•ÊŒğ•t‹à,Œğ•t‹à,29000
2006,revenue,Œğ•t‹à,Î“ü,3526000
2006,revenue,•‰’S‹à,Î“ü,483695
2006,revenue,g—p—¿‹y‚Ñè”—¿,Î“ü,413474
2006,revenue,‘ŒÉxo‹à,Î“ü,4655824
2006,revenue,“sxo‹à,Î“ü,4828821
2006,revenue,àYû“ü,Î“ü,957523
2006,revenue,Šñ•t‹à,Î“ü,1
2006,revenue,ŒJ“ü‹à,Î“ü,4068515
2006,revenue,ŒJ‰z‹à,Î“ü,300000
2006,revenue,”û“ü,Î“ü,1905899
2006,revenue,sÂ,Î“ü,5990200
2006,revenue,Î“ü,,57819999
2006,spending,‹c‰ï”ï,Îo,473974
2006,spending,‘–±”ï,Îo,7296334
2006,spending,–¯¶”ï,Îo,21745061
2006,spending,‰q¶”ï,Îo,4559558
2006,spending,˜J“­””ï,˜J“­”ï,138758
2006,spending,˜J“­”ï,Îo,138758
2006,spending,”_‹Æ”ï,”_—Ñ”ï,64537
2006,spending,”_—Ñ”ï,Îo,64537
2006,spending,¤H”ï,Îo,256231
2006,spending,“y–Ø”ï,Îo,7313213
2006,spending,Á–h”ï,Îo,2545935
2006,spending,‹³ˆç”ï,Îo,8916550
2006,spending,ŒöÂ”ï,Îo,4429079
2006,spending,”xo‹à,Îo,770
2006,spending,—\”õ”ï,Îo,80000
2006,spending,Îo,,57820000
2005,revenue,s–¯Å,sÅ,13149443
2005,revenue,ŒÂl,s–¯Å,11592785
2005,revenue,–@l,s–¯Å,1556658
2005,revenue,ŒÅ’è‘YÅ,sÅ,10638015
2005,revenue,Œy©“®ÔÅ,sÅ,67009
2005,revenue,s‚½‚Î‚±Å,sÅ,901449
2005,revenue,“ssŒv‰æÅ,sÅ,2206350
2005,revenue,sÅ,Î“ü,26962266
2005,revenue,Š“¾÷—^Å,’n•û÷—^Å,636000
2005,revenue,©“®Ôd—Ê÷—^Å,’n•û÷—^Å,245000
2005,revenue,’n•û“¹˜H÷—^Å,’n•û÷—^Å,84000
2005,revenue,’n•û÷—^Å,Î“ü,965000
2005,revenue,—˜qŠ„Œğ•t‹à,Œğ•t‹à,150000
2005,revenue,”z“–Š„Œğ•t‹à,Œğ•t‹à,66000
2005,revenue,Š”®“™÷“nŠ“¾Š„Œğ•t‹à,Œğ•t‹à,50000
2005,revenue,’n•ûÁ”ïÅŒğ•t‹à,Œğ•t‹à,1800000
2005,revenue,©“®Ôæ“¾ÅŒğ•t‹à,Œğ•t‹à,337000
2005,revenue,’n•û“Á—áŒğ•t‹à,Œğ•t‹à,1173000
2005,revenue,’n•ûŒğ•tÅ,Î“ü,2200000
2005,revenue,Œğ’ÊˆÀ‘S‘Îô“Á•ÊŒğ•t‹à,Œğ•t‹à,28000
2005,revenue,Œğ•t‹à,Î“ü,3604000
2005,revenue,•‰’S‹à,Î“ü,431140
2005,revenue,g—p—¿‹y‚Ñè”—¿,Î“ü,400779
2005,revenue,‘ŒÉxo‹à,Î“ü,4890178
2005,revenue,“sxo‹à,Î“ü,4785646
2005,revenue,àYû“ü,Î“ü,155341
2005,revenue,Šñ•t‹à,Î“ü,1
2005,revenue,ŒJ“ü‹à,Î“ü,3678032
2005,revenue,ŒJ‰z‹à,Î“ü,300000
2005,revenue,”û“ü,Î“ü,1525816
2005,revenue,sÂ,Î“ü,4938800
2005,revenue,Î“ü,,54836999
2005,spending,‹c‰ï”ï,Îo,515059
2005,spending,‘–±”ï,Îo,6342727
2005,spending,–¯¶”ï,Îo,21112563
2005,spending,‰q¶”ï,Îo,4464045
2005,spending,˜J“­””ï,˜J“­”ï,141933
2005,spending,˜J“­”ï,Îo,141933
2005,spending,”_‹Æ”ï,”_—Ñ”ï,72241
2005,spending,”_—Ñ”ï,Îo,72241
2005,spending,¤H”ï,Îo,264070
2005,spending,“y–Ø”ï,Îo,7804778
2005,spending,Á–h”ï,Îo,2434437
2005,spending,‹³ˆç”ï,Îo,7511300
2005,spending,ŒöÂ”ï,Îo,4092889
2005,spending,”xo‹à,Îo,958
2005,spending,—\”õ”ï,Îo,80000
2005,spending,Îo,,54837000
